거래일시,카드번호,가맹점명,카테고리,결제금액,승인번호
2024-01-01 10:04,5234-****-****-1234,서울교통공사,대중교통,2700,83227889
2024-01-01 16:39,5234-****-****-1234,서울교통공사,대중교통,2400,19832887
2024-01-02 14:37,5234-****-****-1234,서울교통공사,대중교통,2400,67684996
2024-01-02 17:05,5234-****-****-1234,서울교통공사,대중교통,3000,19196777
2024-01-02 20:20,5234-****-****-1234,서울교통공사,대중교통,1400,88406989
2024-01-03 12:22,5234-****-****-1234,CU 상수점,편의점,7600,45503389
2024-01-03 14:53,5234-****-****-1234,CU 상수점,편의점,12300,58537831
2024-01-03 18:17,5234-****-****-1234,교촌치킨 합정점,음식점,38800,82374753
2024-01-03 18:55,5234-****-****-1234,이마트24 합정점,편의점,3700,47308985
2024-01-03 21:15,5234-****-****-1234,쿠팡이츠,배달앱,34000,40150759
2024-01-04 07:17,5234-****-****-1234,GS25 신촌점,편의점,6000,28728463
2024-01-04 11:34,5234-****-****-1234,롯데리아 신촌점,음식점,8000,41726318
2024-01-05 09:19,5234-****-****-1234,서울교통공사,대중교통,2000,58024342
2024-01-05 10:35,5234-****-****-1234,메가커피 마포점,카페,11800,88461803
2024-01-05 11:14,5234-****-****-1234,볼링장 홍대,운동/스포츠,30100,30509175
2024-01-05 13:18,5234-****-****-1234,서울교통공사,대중교통,2500,56020613
2024-01-05 19:56,5234-****-****-1234,김밥천국 마포점,음식점,44400,42614537
2024-01-06 10:55,5234-****-****-1234,이디야 신촌점,카페,9900,82383095
2024-01-06 13:24,5234-****-****-1234,김밥천국 마포점,음식점,24400,48285503
2024-01-06 13:30,5234-****-****-1234,본죽 신촌점,음식점,21000,17869910
2024-01-06 16:53,5234-****-****-1234,티머니,대중교통,2400,50603163
2024-01-06 21:44,5234-****-****-1234,GS더프레시 홍대점,마트/슈퍼,29200,15197528
2024-01-07 09:48,5234-****-****-1234,빽다방 상수점,카페,5600,81182864
2024-01-07 15:44,5234-****-****-1234,CU 홍대점,편의점,13200,91756179
2024-01-07 15:50,5234-****-****-1234,요기요,배달앱,31000,97873101
2024-01-07 18:08,5234-****-****-1234,버거킹 마포점,음식점,34600,47385696
2024-01-07 19:36,5234-****-****-1234,세븐일레븐 마포점,편의점,13800,38538251
2024-01-07 19:40,5234-****-****-1234,카카오T,대중교통,3000,77834855
2024-01-08 10:29,5234-****-****-1234,온누리약국,의료/약국,22500,99600766
2024-01-08 13:17,5234-****-****-1234,GS25 신촌점,편의점,2100,66722344
2024-01-08 13:21,5234-****-****-1234,볼링장 홍대,운동/스포츠,26000,20814950
2024-01-08 18:05,5234-****-****-1234,투썸플레이스 합정점,카페,4400,19289546
2024-01-09 10:56,5234-****-****-1234,티머니,대중교통,1500,84252420
2024-01-09 21:15,5234-****-****-1234,멜론,OTT/구독,14400,79967676
2024-01-10 12:03,5234-****-****-1234,티머니,대중교통,2400,82772208
2024-01-10 15:35,5234-****-****-1234,쿠팡이츠,배달앱,12000,48508907
2024-01-10 17:42,5234-****-****-1234,요기요,배달앱,32700,54988206
2024-01-10 21:55,5234-****-****-1234,홈플러스 합정점,마트/슈퍼,44800,13176186
2024-01-11 10:13,5234-****-****-1234,세븐일레븐 마포점,편의점,14500,23718431
2024-01-11 16:28,5234-****-****-1234,요기요,배달앱,26500,38682516
2024-01-11 21:08,5234-****-****-1234,카카오T,대중교통,2600,31687165
2024-01-12 15:04,5234-****-****-1234,G마켓,온라인쇼핑,96600,52133044
2024-01-13 10:59,5234-****-****-1234,CU 상수점,편의점,12500,39476249
2024-01-13 12:29,5234-****-****-1234,메가커피 마포점,카페,11700,84252722
2024-01-13 14:17,5234-****-****-1234,마켓컬리,온라인쇼핑,28200,57130035
2024-01-14 07:05,5234-****-****-1234,GS25 신촌점,편의점,5600,77827638
2024-01-14 19:25,5234-****-****-1234,이디야 신촌점,카페,8900,28566572
2024-01-14 19:46,5234-****-****-1234,김밥천국 마포점,음식점,43400,30776478
2024-01-15 07:46,5234-****-****-1234,빽다방 상수점,카페,7300,33978249
2024-01-15 12:14,5234-****-****-1234,한솥도시락 홍대점,음식점,11200,12823170
2024-01-15 12:59,5234-****-****-1234,김밥천국 마포점,음식점,11900,83863413
2024-01-15 15:23,5234-****-****-1234,세븐일레븐 마포점,편의점,4700,57683626
2024-01-16 12:58,5234-****-****-1234,이디야 신촌점,카페,10500,45551614
2024-01-16 13:57,5234-****-****-1234,서울교통공사,대중교통,3000,22388090
2024-01-16 15:15,5234-****-****-1234,요기요,배달앱,16800,10744212
2024-01-16 17:58,5234-****-****-1234,티머니,대중교통,3000,31130263
2024-01-16 18:54,5234-****-****-1234,쿠팡이츠,배달앱,14400,65625330
2024-01-17 10:24,5234-****-****-1234,마켓컬리,온라인쇼핑,59800,15957459
2024-01-17 13:48,5234-****-****-1234,스타벅스 홍대입구점,카페,3800,30514014
2024-01-17 14:59,5234-****-****-1234,서울교통공사,대중교통,1800,99889098
2024-01-17 16:50,5234-****-****-1234,요기요,배달앱,17600,21381064
2024-01-17 19:55,5234-****-****-1234,빽다방 상수점,카페,7900,91734598
2024-01-18 11:12,5234-****-****-1234,요기요,배달앱,25800,60888017
2024-01-18 12:32,5234-****-****-1234,서울교통공사,대중교통,1800,56843172
2024-01-19 09:04,5234-****-****-1234,GS25 신촌점,편의점,2800,48840994
2024-01-19 19:37,5234-****-****-1234,맥도날드 홍대점,음식점,21400,19528530
2024-01-20 07:12,5234-****-****-1234,CU 상수점,편의점,13700,66306997
2024-01-20 10:26,5234-****-****-1234,티머니,대중교통,2600,85863473
2024-01-20 10:43,5234-****-****-1234,카카오T,대중교통,1700,26090908
2024-01-20 15:22,5234-****-****-1234,11번가,온라인쇼핑,92200,91363974
2024-01-20 21:41,5234-****-****-1234,서울교통공사,대중교통,2300,99639081
2024-01-21 09:43,5234-****-****-1234,빽다방 상수점,카페,9900,18526544
2024-01-21 09:46,5234-****-****-1234,GS25 신촌점,편의점,6000,72043515
2024-01-21 12:17,5234-****-****-1234,헬스장 월정액,운동/스포츠,33800,48349783
2024-01-21 15:53,5234-****-****-1234,서울교통공사,대중교통,1800,10475894
2024-01-21 17:25,5234-****-****-1234,쿠팡,온라인쇼핑,96800,25480907
2024-01-22 11:49,5234-****-****-1234,CU 홍대점,편의점,14700,40742311
2024-01-22 12:42,5234-****-****-1234,GS칼텍스 홍대점,주유소,36700,85146293
2024-01-22 15:20,5234-****-****-1234,요기요,배달앱,25200,49682169
2024-01-22 18:27,5234-****-****-1234,김밥천국 마포점,음식점,33900,17270733
2024-01-22 19:19,5234-****-****-1234,카카오T,대중교통,2200,19736572
2024-01-22 19:41,5234-****-****-1234,맥도날드 홍대점,음식점,13400,64038913
2024-01-22 20:57,5234-****-****-1234,요기요,배달앱,17700,86384014
2024-01-23 12:04,5234-****-****-1234,스크린골프 마포점,운동/스포츠,32200,54410148
2024-01-23 13:42,5234-****-****-1234,김밥천국 마포점,음식점,31500,79467853
2024-01-23 14:15,5234-****-****-1234,카카오T,대중교통,1800,27566185
2024-01-23 15:00,5234-****-****-1234,G마켓,온라인쇼핑,146300,36445607
2024-01-23 19:14,5234-****-****-1234,맥도날드 홍대점,음식점,11400,54349361
2024-01-24 08:47,5234-****-****-1234,CU 홍대점,편의점,10900,89254563
2024-01-24 13:55,5234-****-****-1234,교촌치킨 합정점,음식점,14200,35714784
2024-01-24 14:50,5234-****-****-1234,홈플러스 합정점,마트/슈퍼,69000,45810056
2024-01-24 16:35,5234-****-****-1234,카카오T,대중교통,2700,85283645
2024-01-25 14:08,5234-****-****-1234,투썸플레이스 합정점,카페,5100,83793389
2024-01-25 15:07,5234-****-****-1234,투썸플레이스 합정점,카페,7800,31227574
2024-01-26 07:29,5234-****-****-1234,CU 홍대점,편의점,10800,60806024
2024-01-26 12:09,5234-****-****-1234,배달의민족,배달앱,12800,42862209
2024-01-26 18:26,5234-****-****-1234,롯데리아 신촌점,음식점,19500,23009833
2024-01-26 20:33,5234-****-****-1234,올리브영 홍대점,의료/약국,65900,84813739
2024-01-27 07:20,5234-****-****-1234,세븐일레븐 마포점,편의점,8600,18883684
2024-01-27 17:19,5234-****-****-1234,서울교통공사,대중교통,2600,28024248
2024-01-27 17:28,5234-****-****-1234,왓챠,OTT/구독,6600,70407340
2024-01-28 10:46,5234-****-****-1234,요기요,배달앱,21800,51511484
2024-01-28 11:51,5234-****-****-1234,GS칼텍스 홍대점,주유소,41600,13326769
2024-01-28 16:14,5234-****-****-1234,GS더프레시 홍대점,마트/슈퍼,41200,56930359
2024-01-28 19:43,5234-****-****-1234,빽다방 상수점,카페,4900,45812670
2024-01-29 10:56,5234-****-****-1234,카카오T,대중교통,1800,48250360
2024-01-29 13:11,5234-****-****-1234,쿠팡,온라인쇼핑,79600,24549543
2024-01-29 15:39,5234-****-****-1234,SK주유소 마포점,주유소,79100,41774346
2024-01-29 19:36,5234-****-****-1234,요기요,배달앱,18400,61536717
2024-01-29 21:55,5234-****-****-1234,쿠팡이츠,배달앱,15500,39372360
2024-01-30 07:20,5234-****-****-1234,스타벅스 홍대입구점,카페,11000,25014631
2024-01-30 11:53,5234-****-****-1234,이디야 신촌점,카페,8000,17774584
2024-01-31 18:15,5234-****-****-1234,티머니,대중교통,2400,15334035
2024-01-31 21:57,5234-****-****-1234,LG U+,통신,64000,77750178
2024-02-01 16:03,5234-****-****-1234,GS25 신촌점,편의점,7700,97260863
2024-02-01 19:08,5234-****-****-1234,맥도날드 홍대점,음식점,25000,17318358
2024-02-01 19:25,5234-****-****-1234,배달의민족,배달앱,21000,85957706
2024-02-01 19:38,5234-****-****-1234,서울교통공사,대중교통,2900,31257157
2024-02-02 12:55,5234-****-****-1234,롯데리아 신촌점,음식점,38300,18770247
2024-02-02 13:50,5234-****-****-1234,배달의민족,배달앱,26400,87789079
2024-02-02 21:48,5234-****-****-1234,카카오T,대중교통,1600,79654147
2024-02-03 11:48,5234-****-****-1234,온누리약국,의료/약국,34600,84801233
2024-02-03 17:41,5234-****-****-1234,CU 홍대점,편의점,2700,43189803
2024-02-03 21:25,5234-****-****-1234,KT,통신,35900,82017516
2024-02-04 14:59,5234-****-****-1234,빽다방 상수점,카페,8100,60372847
2024-02-04 16:44,5234-****-****-1234,티머니,대중교통,1900,64023778
2024-02-05 10:30,5234-****-****-1234,롯데마트 상암점,마트/슈퍼,117400,55440919
2024-02-05 12:33,5234-****-****-1234,G마켓,온라인쇼핑,118000,34166826
2024-02-05 13:28,5234-****-****-1234,카카오T,대중교통,2700,26297533
2024-02-05 15:12,5234-****-****-1234,티머니,대중교통,2500,28321839
2024-02-05 16:02,5234-****-****-1234,현대오일뱅크 신촌점,주유소,38300,89212676
2024-02-05 20:34,5234-****-****-1234,이마트24 합정점,편의점,2400,89442503
2024-02-06 11:05,5234-****-****-1234,G마켓,온라인쇼핑,110300,42323627
2024-02-06 12:08,5234-****-****-1234,세브란스약국,의료/약국,75700,81249799
2024-02-07 12:05,5234-****-****-1234,교촌치킨 합정점,음식점,17300,33328859
2024-02-07 13:16,5234-****-****-1234,BBQ 상수점,음식점,29300,90014570
2024-02-07 13:21,5234-****-****-1234,이마트24 합정점,편의점,14500,47346970
2024-02-07 15:54,5234-****-****-1234,배달의민족,배달앱,27800,41837210
2024-02-07 17:39,5234-****-****-1234,GS25 신촌점,편의점,4500,26941092
2024-02-07 19:17,5234-****-****-1234,BBQ 상수점,음식점,41400,23492385
2024-02-08 08:49,5234-****-****-1234,빽다방 상수점,카페,7900,26247735
2024-02-08 10:29,5234-****-****-1234,티머니,대중교통,1500,30665654
2024-02-08 10:31,5234-****-****-1234,이마트24 합정점,편의점,2500,55114543
2024-02-08 13:15,5234-****-****-1234,한솥도시락 홍대점,음식점,27100,73519947
2024-02-08 19:04,5234-****-****-1234,스크린골프 마포점,운동/스포츠,46600,50559278
2024-02-08 19:12,5234-****-****-1234,쿠팡이츠,배달앱,32300,98473848
2024-02-08 19:31,5234-****-****-1234,교촌치킨 합정점,음식점,43400,73900135
2024-02-09 11:04,5234-****-****-1234,서울교통공사,대중교통,1400,51286958
2024-02-09 16:16,5234-****-****-1234,11번가,온라인쇼핑,12500,48605268
2024-02-09 17:34,5234-****-****-1234,카카오T,대중교통,2300,20796722
2024-02-10 09:14,5234-****-****-1234,티머니,대중교통,1800,47945817
2024-02-10 17:00,5234-****-****-1234,카카오T,대중교통,2400,22510327
2024-02-10 19:25,5234-****-****-1234,티머니,대중교통,2900,14925405
2024-02-11 11:54,5234-****-****-1234,버거킹 마포점,음식점,28300,75437844
2024-02-11 12:44,5234-****-****-1234,티머니,대중교통,1700,61401477
2024-02-11 17:48,5234-****-****-1234,카카오T,대중교통,2400,71115319
2024-02-12 15:21,5234-****-****-1234,티머니,대중교통,1900,24039158
2024-02-12 20:08,5234-****-****-1234,쿠팡이츠,배달앱,15000,53851498
2024-02-13 18:22,5234-****-****-1234,쿠팡이츠,배달앱,30800,49625201
2024-02-13 18:36,5234-****-****-1234,버거킹 마포점,음식점,10500,30024960
2024-02-13 19:12,5234-****-****-1234,빽다방 상수점,카페,4200,94187049
2024-02-14 10:34,5234-****-****-1234,티머니,대중교통,1700,29997018
2024-02-14 15:04,5234-****-****-1234,메가커피 마포점,카페,11300,11698142
2024-02-14 16:30,5234-****-****-1234,카카오T,대중교통,1700,83989546
2024-02-14 19:52,5234-****-****-1234,서울교통공사,대중교통,2300,73083727
2024-02-15 09:46,5234-****-****-1234,GS더프레시 홍대점,마트/슈퍼,33900,97883261
2024-02-15 10:20,5234-****-****-1234,카카오T,대중교통,1800,25558733
2024-02-15 12:13,5234-****-****-1234,이마트24 합정점,편의점,8900,88393811
2024-02-15 13:37,5234-****-****-1234,BBQ 상수점,음식점,35100,86320155
2024-02-15 14:43,5234-****-****-1234,멜론,OTT/구독,16300,88458327
2024-02-15 21:03,5234-****-****-1234,카카오T,대중교통,1700,83715012
2024-02-16 07:22,5234-****-****-1234,이마트24 합정점,편의점,6900,66240084
2024-02-16 09:39,5234-****-****-1234,스크린골프 마포점,운동/스포츠,41800,91883846
2024-02-16 11:28,5234-****-****-1234,카카오T,대중교통,2400,56321751
2024-02-16 15:36,5234-****-****-1234,이마트24 합정점,편의점,5600,44392446
2024-02-16 18:09,5234-****-****-1234,11번가,온라인쇼핑,70900,95618110
2024-02-16 20:18,5234-****-****-1234,티머니,대중교통,2300,46698468
2024-02-17 13:53,5234-****-****-1234,세브란스약국,의료/약국,26600,74672520
2024-02-17 14:39,5234-****-****-1234,카카오T,대중교통,2800,93940940
2024-02-18 11:00,5234-****-****-1234,김밥천국 마포점,음식점,33800,89699989
2024-02-18 13:08,5234-****-****-1234,롯데리아 신촌점,음식점,39200,11646234
2024-02-18 16:34,5234-****-****-1234,GS25 신촌점,편의점,11900,75529051
2024-02-18 18:27,5234-****-****-1234,한솥도시락 홍대점,음식점,43100,57219209
2024-02-18 20:38,5234-****-****-1234,본죽 신촌점,음식점,21800,70467027
2024-02-19 09:48,5234-****-****-1234,카카오T,대중교통,2600,87342561
2024-02-19 12:30,5234-****-****-1234,한솥도시락 홍대점,음식점,35900,34744872
2024-02-19 13:40,5234-****-****-1234,마켓컬리,온라인쇼핑,121200,71315464
2024-02-19 15:05,5234-****-****-1234,이마트24 합정점,편의점,12500,28213276
2024-02-20 09:56,5234-****-****-1234,티머니,대중교통,2100,53261270
2024-02-20 11:47,5234-****-****-1234,교촌치킨 합정점,음식점,13500,93955206
2024-02-20 13:01,5234-****-****-1234,서울교통공사,대중교통,1400,87201917
2024-02-20 20:25,5234-****-****-1234,이마트 마포점,마트/슈퍼,100200,54099326
2024-02-20 20:52,5234-****-****-1234,카카오T,대중교통,2400,68942178
2024-02-21 15:07,5234-****-****-1234,헬스장 월정액,운동/스포츠,14200,14994527
2024-02-21 16:58,5234-****-****-1234,서울교통공사,대중교통,1800,88561612
2024-02-21 18:29,5234-****-****-1234,투썸플레이스 합정점,카페,5500,33640702
2024-02-21 19:28,5234-****-****-1234,롯데리아 신촌점,음식점,8100,49491631
2024-02-22 11:40,5234-****-****-1234,요기요,배달앱,15200,96750368
2024-02-22 13:14,5234-****-****-1234,11번가,온라인쇼핑,33700,23212812
2024-02-22 15:25,5234-****-****-1234,GS25 신촌점,편의점,13900,72732043
2024-02-22 17:10,5234-****-****-1234,11번가,온라인쇼핑,29400,56381032
2024-02-23 07:56,5234-****-****-1234,CU 상수점,편의점,14500,61053877
2024-02-23 13:57,5234-****-****-1234,쿠팡,온라인쇼핑,17600,53536830
2024-02-23 16:04,5234-****-****-1234,서울교통공사,대중교통,2700,45507920
2024-02-23 18:19,5234-****-****-1234,교촌치킨 합정점,음식점,23500,26194158
2024-02-23 20:35,5234-****-****-1234,교촌치킨 합정점,음식점,7700,21490777
2024-02-23 21:24,5234-****-****-1234,현대오일뱅크 신촌점,주유소,55300,97512508
2024-02-24 12:07,5234-****-****-1234,버거킹 마포점,음식점,42100,35708194
2024-02-24 13:53,5234-****-****-1234,티머니,대중교통,2500,98575748
2024-02-24 14:41,5234-****-****-1234,빽다방 상수점,카페,7400,82232344
2024-02-25 11:38,5234-****-****-1234,CU 홍대점,편의점,11900,31980274
2024-02-25 13:27,5234-****-****-1234,메가커피 마포점,카페,7400,42949803
2024-02-25 15:55,5234-****-****-1234,서울교통공사,대중교통,2300,98269682
2024-02-25 19:45,5234-****-****-1234,11번가,온라인쇼핑,36300,32329103
2024-02-25 20:26,5234-****-****-1234,CU 홍대점,편의점,6100,73123515
2024-02-26 09:18,5234-****-****-1234,마켓컬리,온라인쇼핑,104000,67805802
2024-02-26 13:47,5234-****-****-1234,올리브영 홍대점,의료/약국,49400,72858374
2024-02-26 17:17,5234-****-****-1234,서울교통공사,대중교통,2900,47962005
2024-02-26 19:19,5234-****-****-1234,교촌치킨 합정점,음식점,12600,25898299
2024-02-26 21:40,5234-****-****-1234,티머니,대중교통,2500,36550845
2024-02-26 21:50,5234-****-****-1234,메가커피 마포점,카페,3700,81503856
2024-02-27 12:14,5234-****-****-1234,버거킹 마포점,음식점,30600,50569669
2024-02-27 13:49,5234-****-****-1234,요기요,배달앱,19500,57287718
2024-02-27 19:17,5234-****-****-1234,이디야 신촌점,카페,10400,72372114
2024-02-27 19:23,5234-****-****-1234,볼링장 홍대,운동/스포츠,12100,41383044
2024-02-28 10:17,5234-****-****-1234,카카오T,대중교통,2800,55617282
2024-02-28 10:55,5234-****-****-1234,이마트 마포점,마트/슈퍼,72700,80591959
2024-02-28 11:21,5234-****-****-1234,티머니,대중교통,2100,76500726
2024-02-28 12:31,5234-****-****-1234,투썸플레이스 합정점,카페,4700,58612055
2024-02-28 13:03,5234-****-****-1234,이마트24 합정점,편의점,6300,53936531
2024-02-28 17:02,5234-****-****-1234,네이버쇼핑,온라인쇼핑,27900,94712997
2024-02-28 17:29,5234-****-****-1234,서울교통공사,대중교통,2100,35176902
2024-02-28 19:49,5234-****-****-1234,요기요,배달앱,13600,76669607
2024-02-28 19:54,5234-****-****-1234,GS더프레시 홍대점,마트/슈퍼,84900,52501540
2024-02-28 21:26,5234-****-****-1234,GS칼텍스 홍대점,주유소,32900,73481797
2024-03-01 14:19,5234-****-****-1234,SK주유소 마포점,주유소,41800,55866538
2024-03-01 14:59,5234-****-****-1234,요기요,배달앱,15200,97236246
2024-03-01 15:55,5234-****-****-1234,헬스장 월정액,운동/스포츠,35800,95318289
2024-03-02 21:40,5234-****-****-1234,카카오T,대중교통,2600,18846539
2024-03-03 13:29,5234-****-****-1234,서울교통공사,대중교통,2200,17635653
2024-03-03 13:54,5234-****-****-1234,이마트 마포점,마트/슈퍼,118300,78140959
2024-03-03 19:42,5234-****-****-1234,현대오일뱅크 신촌점,주유소,57700,58563745
2024-03-03 21:10,5234-****-****-1234,쿠팡이츠,배달앱,20900,78901038
2024-03-04 09:31,5234-****-****-1234,카카오T,대중교통,2800,33581357
2024-03-04 11:16,5234-****-****-1234,서울교통공사,대중교통,1700,90852623
2024-03-04 13:43,5234-****-****-1234,티머니,대중교통,2600,75314742
2024-03-04 13:55,5234-****-****-1234,맥도날드 홍대점,음식점,34700,48604965
2024-03-04 15:01,5234-****-****-1234,서울교통공사,대중교통,1900,92963368
2024-03-04 21:18,5234-****-****-1234,쿠팡이츠,배달앱,19800,26354208
2024-03-05 09:22,5234-****-****-1234,스크린골프 마포점,운동/스포츠,40800,96274567
2024-03-05 09:28,5234-****-****-1234,카카오T,대중교통,1500,21318464
2024-03-05 13:27,5234-****-****-1234,스포티파이,OTT/구독,4000,57354167
2024-03-05 15:05,5234-****-****-1234,쿠팡이츠,배달앱,19300,56920514
2024-03-05 15:34,5234-****-****-1234,서울교통공사,대중교통,2700,77144075
2024-03-05 21:48,5234-****-****-1234,서울교통공사,대중교통,2600,33776150
2024-03-06 11:53,5234-****-****-1234,홈플러스 합정점,마트/슈퍼,105800,68743530
2024-03-06 20:03,5234-****-****-1234,BBQ 상수점,음식점,12300,69473616
2024-03-06 20:36,5234-****-****-1234,롯데리아 신촌점,음식점,33300,29042093
2024-03-07 11:35,5234-****-****-1234,요기요,배달앱,32000,66808292
2024-03-07 15:38,5234-****-****-1234,CU 홍대점,편의점,2300,54762841
2024-03-07 21:32,5234-****-****-1234,카카오T,대중교통,1500,67702031
2024-03-08 13:51,5234-****-****-1234,네이버쇼핑,온라인쇼핑,132900,59370777
2024-03-08 14:49,5234-****-****-1234,서울교통공사,대중교통,1600,78515906
2024-03-08 15:40,5234-****-****-1234,올리브영 홍대점,의료/약국,64900,24879094
2024-03-08 18:26,5234-****-****-1234,넷플릭스,OTT/구독,7100,80260907
2024-03-08 19:02,5234-****-****-1234,메가커피 마포점,카페,11500,71477426
2024-03-08 21:50,5234-****-****-1234,GS25 신촌점,편의점,11200,19208698
2024-03-09 09:07,5234-****-****-1234,CU 홍대점,편의점,9400,98955314
2024-03-09 13:09,5234-****-****-1234,롯데리아 신촌점,음식점,38100,22243983
2024-03-09 19:19,5234-****-****-1234,한솥도시락 홍대점,음식점,29300,10819505
2024-03-09 20:54,5234-****-****-1234,티머니,대중교통,2600,30182766
2024-03-10 19:44,5234-****-****-1234,카카오T,대중교통,2600,27307598
2024-03-10 21:47,5234-****-****-1234,네이버쇼핑,온라인쇼핑,127700,81673763
2024-03-11 10:35,5234-****-****-1234,카카오T,대중교통,2600,48137561
2024-03-11 10:37,5234-****-****-1234,서울교통공사,대중교통,2600,56952151
2024-03-11 17:50,5234-****-****-1234,CU 홍대점,편의점,11800,47215199
2024-03-11 21:09,5234-****-****-1234,배달의민족,배달앱,16500,48504300
2024-03-11 21:39,5234-****-****-1234,GS더프레시 홍대점,마트/슈퍼,32200,30703455
2024-03-12 10:33,5234-****-****-1234,스포티파이,OTT/구독,12900,78131950
2024-03-12 12:17,5234-****-****-1234,교촌치킨 합정점,음식점,44600,67594492
2024-03-12 12:24,5234-****-****-1234,쿠팡이츠,배달앱,14700,40137082
2024-03-12 13:04,5234-****-****-1234,서울교통공사,대중교통,2600,92545028
2024-03-12 13:24,5234-****-****-1234,카카오T,대중교통,2100,90246882
2024-03-12 20:52,5234-****-****-1234,서울교통공사,대중교통,2600,41711468
2024-03-13 14:16,5234-****-****-1234,헬스장 월정액,운동/스포츠,54000,57928328
2024-03-14 14:43,5234-****-****-1234,11번가,온라인쇼핑,72300,91952730
2024-03-14 16:38,5234-****-****-1234,카카오T,대중교통,2200,46663833
2024-03-14 18:10,5234-****-****-1234,BBQ 상수점,음식점,31300,53537934
2024-03-14 19:20,5234-****-****-1234,한솥도시락 홍대점,음식점,35000,99269266
2024-03-15 10:30,5234-****-****-1234,티머니,대중교통,2200,50643870
2024-03-15 11:47,5234-****-****-1234,CU 상수점,편의점,13400,66254240
2024-03-15 12:15,5234-****-****-1234,CU 홍대점,편의점,7900,59302863
2024-03-15 17:33,5234-****-****-1234,서울교통공사,대중교통,2500,58841557
2024-03-15 18:00,5234-****-****-1234,배달의민족,배달앱,14600,44349528
2024-03-15 20:26,5234-****-****-1234,김밥천국 마포점,음식점,29200,63516659
2024-03-15 20:58,5234-****-****-1234,서울교통공사,대중교통,2000,68614462
2024-03-16 08:15,5234-****-****-1234,GS25 신촌점,편의점,10800,62163160
2024-03-17 10:25,5234-****-****-1234,티머니,대중교통,1900,55568701
2024-03-17 15:10,5234-****-****-1234,요기요,배달앱,18500,28575536
2024-03-17 19:11,5234-****-****-1234,서울교통공사,대중교통,1300,68754920
2024-03-17 19:19,5234-****-****-1234,서울교통공사,대중교통,1300,63051354
2024-03-18 10:45,5234-****-****-1234,배달의민족,배달앱,28900,48260510
2024-03-18 11:35,5234-****-****-1234,한솥도시락 홍대점,음식점,43800,99927658
2024-03-18 19:41,5234-****-****-1234,CU 홍대점,편의점,7900,63437398
2024-03-18 19:51,5234-****-****-1234,서울교통공사,대중교통,2000,63293990
2024-03-19 11:11,5234-****-****-1234,스타벅스 홍대입구점,카페,7300,27013243
2024-03-19 15:45,5234-****-****-1234,카카오T,대중교통,2600,48858073
2024-03-19 16:09,5234-****-****-1234,CU 홍대점,편의점,8800,75679047
2024-03-20 09:00,5234-****-****-1234,카카오T,대중교통,1700,38351344
2024-03-20 12:08,5234-****-****-1234,한솥도시락 홍대점,음식점,25000,61124122
2024-03-20 12:17,5234-****-****-1234,세븐일레븐 마포점,편의점,2500,39161443
2024-03-20 13:06,5234-****-****-1234,교촌치킨 합정점,음식점,44900,30767532
2024-03-20 17:01,5234-****-****-1234,LG U+,통신,68800,42472386
2024-03-20 17:24,5234-****-****-1234,티머니,대중교통,2200,84399083
2024-03-20 18:29,5234-****-****-1234,본죽 신촌점,음식점,40100,23311507
2024-03-20 20:05,5234-****-****-1234,티머니,대중교통,1900,60557040
2024-03-21 10:33,5234-****-****-1234,서울교통공사,대중교통,2300,56892354
2024-03-21 10:49,5234-****-****-1234,볼링장 홍대,운동/스포츠,43100,54629892
2024-03-21 12:20,5234-****-****-1234,카카오T,대중교통,2500,77292380
2024-03-21 18:20,5234-****-****-1234,카카오T,대중교통,2500,30261159
2024-03-21 20:03,5234-****-****-1234,투썸플레이스 합정점,카페,10800,67213476
2024-03-22 08:45,5234-****-****-1234,스타벅스 홍대입구점,카페,10300,20843514
2024-03-22 18:08,5234-****-****-1234,메가커피 마포점,카페,3200,41934639
2024-03-22 18:28,5234-****-****-1234,마켓컬리,온라인쇼핑,131000,61254050
2024-03-22 18:54,5234-****-****-1234,한솥도시락 홍대점,음식점,14100,84660688
2024-03-24 12:07,5234-****-****-1234,투썸플레이스 합정점,카페,4000,70166480
2024-03-24 19:01,5234-****-****-1234,교촌치킨 합정점,음식점,13000,60491958
2024-03-25 11:37,5234-****-****-1234,투썸플레이스 합정점,카페,4800,77624084
2024-03-25 11:48,5234-****-****-1234,카카오T,대중교통,1800,54039837
2024-03-25 17:53,5234-****-****-1234,이마트 마포점,마트/슈퍼,111800,98842638
2024-03-25 18:28,5234-****-****-1234,티머니,대중교통,2600,96300902
2024-03-25 21:38,5234-****-****-1234,맥도날드 홍대점,음식점,12600,30881581
2024-03-26 10:22,5234-****-****-1234,볼링장 홍대,운동/스포츠,20800,98195059
2024-03-26 13:37,5234-****-****-1234,카카오T,대중교통,1400,78093604
2024-03-26 19:54,5234-****-****-1234,교촌치킨 합정점,음식점,43100,67723010
2024-03-27 11:42,5234-****-****-1234,현대오일뱅크 신촌점,주유소,76100,80651318
2024-03-27 12:27,5234-****-****-1234,한솥도시락 홍대점,음식점,13300,27463800
2024-03-27 16:13,5234-****-****-1234,GS25 신촌점,편의점,11600,41272553
2024-03-28 10:15,5234-****-****-1234,티머니,대중교통,2100,63747464
2024-03-28 13:03,5234-****-****-1234,쿠팡이츠,배달앱,33000,59823245
2024-03-28 19:49,5234-****-****-1234,맥도날드 홍대점,음식점,43500,91737913
2024-03-28 20:02,5234-****-****-1234,서울교통공사,대중교통,2100,71707170
2024-03-28 21:08,5234-****-****-1234,세븐일레븐 마포점,편의점,10800,33420607
2024-03-30 09:26,5234-****-****-1234,쿠팡이츠,배달앱,13700,77378254
2024-03-30 10:55,5234-****-****-1234,티머니,대중교통,1900,67617561
2024-03-30 16:44,5234-****-****-1234,요기요,배달앱,16500,72962895
2024-03-30 19:44,5234-****-****-1234,맥도날드 홍대점,음식점,24500,34215035
2024-03-31 21:31,5234-****-****-1234,SK주유소 마포점,주유소,42600,28463709
2024-03-31 21:40,5234-****-****-1234,카카오T,대중교통,2300,85663295
2024-03-31 21:47,5234-****-****-1234,카카오T,대중교통,1300,86726461
2024-04-01 13:36,5234-****-****-1234,김밥천국 마포점,음식점,31200,84040798
2024-04-01 17:59,5234-****-****-1234,11번가,온라인쇼핑,51400,97629787
2024-04-01 18:30,5234-****-****-1234,티머니,대중교통,1800,87641510
2024-04-02 09:18,5234-****-****-1234,티머니,대중교통,2300,97813295
2024-04-02 13:24,5234-****-****-1234,카카오T,대중교통,2500,43322272
2024-04-02 16:12,5234-****-****-1234,세븐일레븐 마포점,편의점,6700,16416148
2024-04-02 16:58,5234-****-****-1234,빽다방 상수점,카페,8800,68376726
2024-04-03 10:41,5234-****-****-1234,메가커피 마포점,카페,9000,61385847
2024-04-03 11:41,5234-****-****-1234,BBQ 상수점,음식점,44800,97393186
2024-04-03 12:20,5234-****-****-1234,김밥천국 마포점,음식점,11900,72523073
2024-04-03 15:32,5234-****-****-1234,티머니,대중교통,2200,47543473
2024-04-03 15:42,5234-****-****-1234,배달의민족,배달앱,15100,28872606
2024-04-04 09:53,5234-****-****-1234,볼링장 홍대,운동/스포츠,40900,37133023
2024-04-04 13:28,5234-****-****-1234,서울교통공사,대중교통,1800,22993840
2024-04-04 15:23,5234-****-****-1234,카카오T,대중교통,2900,84870921
2024-04-05 13:10,5234-****-****-1234,교촌치킨 합정점,음식점,28100,56442431
2024-04-05 18:57,5234-****-****-1234,서울교통공사,대중교통,2300,54018830
2024-04-05 19:05,5234-****-****-1234,BBQ 상수점,음식점,11300,63440127
2024-04-05 19:15,5234-****-****-1234,티머니,대중교통,1300,24749927
2024-04-06 17:04,5234-****-****-1234,이마트24 합정점,편의점,13700,14963880
2024-04-06 17:40,5234-****-****-1234,티머니,대중교통,2700,61028283
2024-04-06 20:55,5234-****-****-1234,배달의민족,배달앱,21500,11243818
2024-04-07 09:28,5234-****-****-1234,카카오T,대중교통,1900,30324759
2024-04-07 17:17,5234-****-****-1234,네이버쇼핑,온라인쇼핑,81200,24660143
2024-04-07 20:26,5234-****-****-1234,김밥천국 마포점,음식점,9000,94176528
2024-04-07 21:10,5234-****-****-1234,티머니,대중교통,2300,72654864
2024-04-08 12:12,5234-****-****-1234,교촌치킨 합정점,음식점,16100,76306502
2024-04-09 15:50,5234-****-****-1234,스타벅스 홍대입구점,카페,3900,95565484
2024-04-09 17:19,5234-****-****-1234,GS칼텍스 홍대점,주유소,44700,48789478
2024-04-09 17:45,5234-****-****-1234,이디야 신촌점,카페,10300,92124765
2024-04-09 19:23,5234-****-****-1234,올리브영 홍대점,의료/약국,36000,99628735
2024-04-10 09:50,5234-****-****-1234,CU 홍대점,편의점,5300,52358553
2024-04-10 11:05,5234-****-****-1234,세븐일레븐 마포점,편의점,7400,51137177
2024-04-10 15:31,5234-****-****-1234,스타벅스 홍대입구점,카페,6300,28217159
2024-04-10 18:38,5234-****-****-1234,쿠팡이츠,배달앱,15500,48193218
2024-04-10 18:44,5234-****-****-1234,버거킹 마포점,음식점,10900,69002851
2024-04-10 19:03,5234-****-****-1234,G마켓,온라인쇼핑,33500,41168067
2024-04-11 11:46,5234-****-****-1234,요기요,배달앱,27000,44529507
2024-04-12 21:09,5234-****-****-1234,티머니,대중교통,1700,78333267
2024-04-13 11:17,5234-****-****-1234,스타벅스 홍대입구점,카페,7100,13478029
2024-04-13 11:51,5234-****-****-1234,스타벅스 홍대입구점,카페,5600,29163535
2024-04-13 12:28,5234-****-****-1234,쿠팡이츠,배달앱,20700,50526484
2024-04-13 17:02,5234-****-****-1234,서울교통공사,대중교통,1300,28392710
2024-04-14 11:56,5234-****-****-1234,티머니,대중교통,1800,59093843
2024-04-14 14:45,5234-****-****-1234,쿠팡,온라인쇼핑,133800,28450513
2024-04-14 18:13,5234-****-****-1234,버거킹 마포점,음식점,29300,51954112
2024-04-14 18:19,5234-****-****-1234,티머니,대중교통,2900,94457912
2024-04-14 18:55,5234-****-****-1234,롯데리아 신촌점,음식점,10600,79538491
2024-04-14 20:13,5234-****-****-1234,티머니,대중교통,2100,92071195
2024-04-15 13:10,5234-****-****-1234,LG U+,통신,61600,77447155
2024-04-15 16:36,5234-****-****-1234,빽다방 상수점,카페,5300,59251188
2024-04-15 17:21,5234-****-****-1234,카카오T,대중교통,2400,96343485
2024-04-15 17:45,5234-****-****-1234,헬스장 월정액,운동/스포츠,28700,85721444
2024-04-15 19:34,5234-****-****-1234,쿠팡이츠,배달앱,29200,28012011
2024-04-15 20:38,5234-****-****-1234,왓챠,OTT/구독,10100,83717007
2024-04-16 13:31,5234-****-****-1234,서울교통공사,대중교통,1300,62780072
2024-04-16 14:35,5234-****-****-1234,GS칼텍스 홍대점,주유소,77300,48626436
2024-04-16 14:59,5234-****-****-1234,배달의민족,배달앱,20100,45002007
2024-04-16 15:23,5234-****-****-1234,세븐일레븐 마포점,편의점,10500,21087928
2024-04-17 16:15,5234-****-****-1234,티머니,대중교통,1700,57364777
2024-04-17 20:54,5234-****-****-1234,BBQ 상수점,음식점,12200,36347197
2024-04-18 12:19,5234-****-****-1234,교촌치킨 합정점,음식점,38600,64504816
2024-04-18 12:41,5234-****-****-1234,버거킹 마포점,음식점,18100,32978158
2024-04-18 16:45,5234-****-****-1234,카카오T,대중교통,2400,73739005
2024-04-19 07:09,5234-****-****-1234,메가커피 마포점,카페,10400,59930790
2024-04-19 12:46,5234-****-****-1234,티머니,대중교통,1400,74484744
2024-04-19 17:12,5234-****-****-1234,티머니,대중교통,2000,48735464
2024-04-19 19:34,5234-****-****-1234,GS더프레시 홍대점,마트/슈퍼,64800,56323191
2024-04-20 12:14,5234-****-****-1234,왓챠,OTT/구독,6200,30560218
2024-04-20 16:10,5234-****-****-1234,메가커피 마포점,카페,10300,70012727
2024-04-20 20:37,5234-****-****-1234,네이버쇼핑,온라인쇼핑,72700,16813620
2024-04-21 21:17,5234-****-****-1234,BBQ 상수점,음식점,15200,92467167
2024-04-22 16:18,5234-****-****-1234,서울교통공사,대중교통,2300,24428014
2024-04-22 16:33,5234-****-****-1234,카카오T,대중교통,2000,33244151
2024-04-22 17:14,5234-****-****-1234,쿠팡,온라인쇼핑,71000,23448342
2024-04-22 18:08,5234-****-****-1234,버거킹 마포점,음식점,43100,27318510
2024-04-22 19:57,5234-****-****-1234,맥도날드 홍대점,음식점,29100,13808225
2024-04-22 21:12,5234-****-****-1234,요기요,배달앱,17800,95728324
2024-04-22 21:38,5234-****-****-1234,헬스장 월정액,운동/스포츠,56600,80532309
2024-04-23 10:22,5234-****-****-1234,롯데마트 상암점,마트/슈퍼,73000,74300930
2024-04-23 11:00,5234-****-****-1234,쿠팡이츠,배달앱,23000,86206305
2024-04-23 11:33,5234-****-****-1234,티머니,대중교통,1700,53627409
2024-04-23 11:34,5234-****-****-1234,BBQ 상수점,음식점,26000,31139996
2024-04-23 12:44,5234-****-****-1234,GS칼텍스 홍대점,주유소,76200,52552488
2024-04-23 14:51,5234-****-****-1234,티머니,대중교통,2200,71335966
2024-04-23 19:33,5234-****-****-1234,본죽 신촌점,음식점,33900,87161840
2024-04-23 19:44,5234-****-****-1234,한솥도시락 홍대점,음식점,18400,78284040
2024-04-24 09:33,5234-****-****-1234,빽다방 상수점,카페,9300,25805613
2024-04-24 12:27,5234-****-****-1234,GS25 신촌점,편의점,11900,83212334
2024-04-24 13:37,5234-****-****-1234,티머니,대중교통,1900,78412668
2024-04-24 20:54,5234-****-****-1234,배달의민족,배달앱,13200,66087572
2024-04-25 13:35,5234-****-****-1234,한솥도시락 홍대점,음식점,14000,42445506
2024-04-25 13:44,5234-****-****-1234,멜론,OTT/구독,5900,59330907
2024-04-25 15:23,5234-****-****-1234,카카오T,대중교통,1300,16866268
2024-04-25 17:51,5234-****-****-1234,헬스장 월정액,운동/스포츠,48500,43214247
2024-04-25 21:09,5234-****-****-1234,이마트 마포점,마트/슈퍼,53100,48605090
2024-04-26 20:16,5234-****-****-1234,카카오T,대중교통,2500,35805259
2024-04-27 09:23,5234-****-****-1234,티머니,대중교통,1900,24710878
2024-04-27 17:29,5234-****-****-1234,이마트24 합정점,편의점,13400,94790150
2024-04-27 18:43,5234-****-****-1234,서울교통공사,대중교통,2500,27268907
2024-04-28 08:11,5234-****-****-1234,스타벅스 홍대입구점,카페,10300,52894344
2024-04-28 11:52,5234-****-****-1234,티머니,대중교통,1900,51971886
2024-04-28 15:17,5234-****-****-1234,세븐일레븐 마포점,편의점,4000,68646621
2024-04-28 15:50,5234-****-****-1234,스타벅스 홍대입구점,카페,10200,26942307
2024-04-28 17:29,5234-****-****-1234,배달의민족,배달앱,20900,25119192
2024-04-28 19:46,5234-****-****-1234,본죽 신촌점,음식점,29600,27551135
2024-04-29 11:59,5234-****-****-1234,쿠팡이츠,배달앱,13200,76489301
2024-04-29 12:28,5234-****-****-1234,세븐일레븐 마포점,편의점,8300,35074182
2024-04-29 15:52,5234-****-****-1234,요기요,배달앱,26000,54013571
2024-04-30 11:25,5234-****-****-1234,이마트24 합정점,편의점,10900,43999198
2024-04-30 16:30,5234-****-****-1234,마켓컬리,온라인쇼핑,62300,53106399
2024-04-30 16:55,5234-****-****-1234,티머니,대중교통,3000,18359252
2024-04-30 18:20,5234-****-****-1234,카카오T,대중교통,1600,92745294
2024-05-01 16:06,5234-****-****-1234,온누리약국,의료/약국,43700,21523236
2024-05-01 18:26,5234-****-****-1234,맥도날드 홍대점,음식점,7800,81057233
2024-05-01 20:10,5234-****-****-1234,카카오T,대중교통,1400,68238367
2024-05-01 20:29,5234-****-****-1234,쿠팡이츠,배달앱,18900,49101812
2024-05-02 19:04,5234-****-****-1234,CU 홍대점,편의점,9700,48532662
2024-05-03 07:22,5234-****-****-1234,CU 홍대점,편의점,13500,82633735
2024-05-03 11:27,5234-****-****-1234,11번가,온라인쇼핑,82300,50232066
2024-05-03 11:27,5234-****-****-1234,현대오일뱅크 신촌점,주유소,59400,84455942
2024-05-04 13:14,5234-****-****-1234,CJ올리브영 신촌점,의료/약국,71900,69831384
2024-05-04 16:46,5234-****-****-1234,왓챠,OTT/구독,15400,52803305
2024-05-04 21:15,5234-****-****-1234,요기요,배달앱,33500,57648477
2024-05-05 13:00,5234-****-****-1234,마켓컬리,온라인쇼핑,113700,93240786
2024-05-05 15:45,5234-****-****-1234,티머니,대중교통,2900,30706693
2024-05-05 16:14,5234-****-****-1234,CU 홍대점,편의점,2100,50045602
2024-05-05 19:19,5234-****-****-1234,쿠팡이츠,배달앱,19900,98404247
2024-05-05 20:27,5234-****-****-1234,배달의민족,배달앱,24400,70272714
2024-05-06 11:17,5234-****-****-1234,롯데마트 상암점,마트/슈퍼,54500,76185975
2024-05-06 18:15,5234-****-****-1234,카카오T,대중교통,2400,82553061
2024-05-06 19:39,5234-****-****-1234,요기요,배달앱,13500,96574622
2024-05-07 08:38,5234-****-****-1234,이마트24 합정점,편의점,2600,90233330
2024-05-07 13:24,5234-****-****-1234,교촌치킨 합정점,음식점,44300,77015110
2024-05-07 13:55,5234-****-****-1234,메가커피 마포점,카페,8500,12058055
2024-05-07 18:34,5234-****-****-1234,요기요,배달앱,17900,83833059
2024-05-07 19:46,5234-****-****-1234,CU 홍대점,편의점,14500,14324134
2024-05-07 19:47,5234-****-****-1234,투썸플레이스 합정점,카페,4900,42560305
2024-05-08 10:21,5234-****-****-1234,티머니,대중교통,2500,89941241
2024-05-08 14:48,5234-****-****-1234,이디야 신촌점,카페,3900,77631755
2024-05-09 21:25,5234-****-****-1234,배달의민족,배달앱,24000,85678734
2024-05-10 09:51,5234-****-****-1234,헬스장 월정액,운동/스포츠,51600,13031322
2024-05-10 10:58,5234-****-****-1234,빽다방 상수점,카페,8200,90251151
2024-05-10 15:24,5234-****-****-1234,이마트 마포점,마트/슈퍼,117100,85099723
2024-05-11 14:06,5234-****-****-1234,SK주유소 마포점,주유소,36000,51374957
2024-05-11 15:48,5234-****-****-1234,서울교통공사,대중교통,2800,20526386
2024-05-12 15:29,5234-****-****-1234,CJ올리브영 신촌점,의료/약국,70600,56300738
2024-05-13 10:00,5234-****-****-1234,GS25 신촌점,편의점,14200,87619624
2024-05-13 15:35,5234-****-****-1234,서울교통공사,대중교통,2200,95462880
2024-05-13 20:35,5234-****-****-1234,BBQ 상수점,음식점,28100,61091554
2024-05-13 21:20,5234-****-****-1234,티머니,대중교통,1300,46685332
2024-05-13 21:55,5234-****-****-1234,11번가,온라인쇼핑,96400,54927535
2024-05-14 09:08,5234-****-****-1234,이마트24 합정점,편의점,14500,60259293
2024-05-14 19:38,5234-****-****-1234,마켓컬리,온라인쇼핑,45700,53038948
2024-05-15 14:35,5234-****-****-1234,세븐일레븐 마포점,편의점,9600,12921981
2024-05-15 14:48,5234-****-****-1234,SK주유소 마포점,주유소,47700,27784789
2024-05-15 15:34,5234-****-****-1234,CU 상수점,편의점,8900,60905625
2024-05-15 17:29,5234-****-****-1234,CU 상수점,편의점,4200,65757342
2024-05-15 18:22,5234-****-****-1234,BBQ 상수점,음식점,27200,58270683
2024-05-16 07:22,5234-****-****-1234,빽다방 상수점,카페,9200,52779814
2024-05-16 13:02,5234-****-****-1234,티머니,대중교통,1400,47631028
2024-05-16 18:50,5234-****-****-1234,쿠팡이츠,배달앱,19900,60473288
2024-05-16 21:04,5234-****-****-1234,마켓컬리,온라인쇼핑,104700,43096758
2024-05-17 08:15,5234-****-****-1234,이디야 신촌점,카페,7200,54327148
2024-05-17 15:06,5234-****-****-1234,SK주유소 마포점,주유소,31700,57501571
2024-05-17 18:03,5234-****-****-1234,김밥천국 마포점,음식점,38700,12111482
2024-05-17 20:22,5234-****-****-1234,서울교통공사,대중교통,1400,68664992
2024-05-17 20:29,5234-****-****-1234,김밥천국 마포점,음식점,13500,52980983
2024-05-18 09:20,5234-****-****-1234,이마트24 합정점,편의점,10500,25601471
2024-05-18 10:38,5234-****-****-1234,GS칼텍스 홍대점,주유소,69200,61705758
2024-05-18 19:43,5234-****-****-1234,BBQ 상수점,음식점,29100,75581613
2024-05-18 20:56,5234-****-****-1234,투썸플레이스 합정점,카페,5900,84605013
2024-05-19 12:44,5234-****-****-1234,카카오T,대중교통,1700,20820219
2024-05-20 07:04,5234-****-****-1234,빽다방 상수점,카페,6100,85007641
2024-05-20 16:37,5234-****-****-1234,요기요,배달앱,25100,77996397
2024-05-20 17:16,5234-****-****-1234,카카오T,대중교통,2900,45879718
2024-05-21 08:28,5234-****-****-1234,스타벅스 홍대입구점,카페,9100,81891784
2024-05-21 19:48,5234-****-****-1234,서울교통공사,대중교통,1300,64395532
2024-05-21 21:21,5234-****-****-1234,서울교통공사,대중교통,2400,80888325
2024-05-22 09:37,5234-****-****-1234,CU 홍대점,편의점,10000,78501420
2024-05-22 14:26,5234-****-****-1234,메가커피 마포점,카페,7900,18181595
2024-05-22 15:05,5234-****-****-1234,티머니,대중교통,2800,49645162
2024-05-22 20:55,5234-****-****-1234,GS25 신촌점,편의점,10800,97715861
2024-05-23 12:09,5234-****-****-1234,투썸플레이스 합정점,카페,7900,34679818
2024-05-23 18:15,5234-****-****-1234,투썸플레이스 합정점,카페,3700,68916591
2024-05-23 21:34,5234-****-****-1234,요기요,배달앱,31500,21406082
2024-05-24 12:18,5234-****-****-1234,본죽 신촌점,음식점,8100,34060788
2024-05-24 17:03,5234-****-****-1234,투썸플레이스 합정점,카페,7400,91197624
2024-05-24 19:31,5234-****-****-1234,11번가,온라인쇼핑,61300,24357588
2024-05-24 20:10,5234-****-****-1234,김밥천국 마포점,음식점,16200,34702473
2024-05-25 14:15,5234-****-****-1234,메가커피 마포점,카페,6700,29374563
2024-05-25 15:20,5234-****-****-1234,메가커피 마포점,카페,6900,29228089
2024-05-25 20:52,5234-****-****-1234,서울교통공사,대중교통,2100,50168264
2024-05-26 12:33,5234-****-****-1234,멜론,OTT/구독,11900,73909453
2024-05-26 12:45,5234-****-****-1234,서울교통공사,대중교통,1400,45966597
2024-05-26 13:03,5234-****-****-1234,투썸플레이스 합정점,카페,9800,84797762
2024-05-26 15:05,5234-****-****-1234,카카오T,대중교통,2000,71605634
2024-05-26 15:39,5234-****-****-1234,CU 홍대점,편의점,14600,42301683
2024-05-26 16:31,5234-****-****-1234,카카오T,대중교통,1700,84227466
2024-05-27 09:29,5234-****-****-1234,GS25 신촌점,편의점,7700,46997080
2024-05-27 19:04,5234-****-****-1234,맥도날드 홍대점,음식점,16900,39356057
2024-05-27 20:04,5234-****-****-1234,요기요,배달앱,25400,77015343
2024-05-27 20:09,5234-****-****-1234,KT,통신,57800,56045630
2024-05-28 11:11,5234-****-****-1234,이마트24 합정점,편의점,10800,80980044
2024-05-28 12:09,5234-****-****-1234,BBQ 상수점,음식점,8100,84264220
2024-05-29 12:36,5234-****-****-1234,홈플러스 합정점,마트/슈퍼,83300,61100987
2024-05-29 12:55,5234-****-****-1234,이마트24 합정점,편의점,8200,20770971
2024-05-29 17:36,5234-****-****-1234,서울교통공사,대중교통,2600,34072553
2024-05-30 09:14,5234-****-****-1234,티머니,대중교통,1700,86072480
2024-05-30 10:33,5234-****-****-1234,서울교통공사,대중교통,1600,35760684
2024-05-30 12:20,5234-****-****-1234,맥도날드 홍대점,음식점,34100,85500790
2024-05-30 14:01,5234-****-****-1234,티머니,대중교통,1700,29353063
2024-05-30 19:46,5234-****-****-1234,BBQ 상수점,음식점,34400,30456313
2024-05-30 20:26,5234-****-****-1234,배달의민족,배달앱,29800,58255231
2024-05-30 20:41,5234-****-****-1234,맥도날드 홍대점,음식점,10800,19976458
2024-05-31 15:20,5234-****-****-1234,요기요,배달앱,21600,94946730
2024-05-31 15:27,5234-****-****-1234,티머니,대중교통,1600,88634827
2024-05-31 19:47,5234-****-****-1234,김밥천국 마포점,음식점,39200,32579937
2024-05-31 20:03,5234-****-****-1234,본죽 신촌점,음식점,7400,28453800
2024-05-31 20:12,5234-****-****-1234,쿠팡이츠,배달앱,27700,33842070
2024-05-31 21:21,5234-****-****-1234,올리브영 홍대점,의료/약국,61400,11415698
2024-06-01 12:34,5234-****-****-1234,요기요,배달앱,23400,11287794
2024-06-01 18:04,5234-****-****-1234,카카오T,대중교통,1300,38956527
2024-06-01 20:08,5234-****-****-1234,이마트 마포점,마트/슈퍼,106900,31989243
2024-06-02 09:50,5234-****-****-1234,티머니,대중교통,2100,48451741
2024-06-02 18:00,5234-****-****-1234,이디야 신촌점,카페,10900,36189702
2024-06-03 13:44,5234-****-****-1234,현대오일뱅크 신촌점,주유소,58700,42029368
2024-06-03 14:42,5234-****-****-1234,서울교통공사,대중교통,2600,16950770
2024-06-03 14:50,5234-****-****-1234,메가커피 마포점,카페,6600,14388260
2024-06-03 17:36,5234-****-****-1234,티머니,대중교통,1300,97244236
2024-06-03 17:56,5234-****-****-1234,카카오T,대중교통,1300,52476240
2024-06-03 19:56,5234-****-****-1234,본죽 신촌점,음식점,13100,79204468
2024-06-04 10:07,5234-****-****-1234,세븐일레븐 마포점,편의점,5000,28972822
2024-06-04 10:34,5234-****-****-1234,빽다방 상수점,카페,9000,15584869
2024-06-04 11:28,5234-****-****-1234,스크린골프 마포점,운동/스포츠,35500,64561191
2024-06-04 14:23,5234-****-****-1234,서울교통공사,대중교통,1900,61367949
2024-06-04 17:08,5234-****-****-1234,왓챠,OTT/구독,14400,20043577
2024-06-05 15:55,5234-****-****-1234,티머니,대중교통,3000,66487347
2024-06-05 19:08,5234-****-****-1234,버거킹 마포점,음식점,23400,53231088
2024-06-05 20:49,5234-****-****-1234,쿠팡,온라인쇼핑,80500,13940129
2024-06-05 21:49,5234-****-****-1234,헬스장 월정액,운동/스포츠,43300,30858851
2024-06-06 09:35,5234-****-****-1234,네이버쇼핑,온라인쇼핑,119900,53191535
2024-06-06 13:05,5234-****-****-1234,카카오T,대중교통,2600,43606680
2024-06-06 13:34,5234-****-****-1234,빽다방 상수점,카페,5800,32396311
2024-06-06 14:21,5234-****-****-1234,이마트24 합정점,편의점,11200,72015859
2024-06-06 16:22,5234-****-****-1234,서울교통공사,대중교통,2700,94299475
2024-06-07 16:04,5234-****-****-1234,티머니,대중교통,1500,40358823
2024-06-07 17:15,5234-****-****-1234,온누리약국,의료/약국,60000,18038980
2024-06-07 17:38,5234-****-****-1234,서울교통공사,대중교통,2300,62579931
2024-06-07 20:37,5234-****-****-1234,본죽 신촌점,음식점,30000,32277675
2024-06-08 09:30,5234-****-****-1234,11번가,온라인쇼핑,105400,30144023
2024-06-08 10:59,5234-****-****-1234,이마트 마포점,마트/슈퍼,71900,70850538
2024-06-08 15:58,5234-****-****-1234,마켓컬리,온라인쇼핑,93900,20453825
2024-06-08 17:38,5234-****-****-1234,티머니,대중교통,2500,91549765
2024-06-08 17:40,5234-****-****-1234,GS25 신촌점,편의점,5000,95963619
2024-06-08 20:32,5234-****-****-1234,쿠팡,온라인쇼핑,10700,11649277
2024-06-09 09:18,5234-****-****-1234,투썸플레이스 합정점,카페,5800,85920319
2024-06-09 16:51,5234-****-****-1234,CU 상수점,편의점,3000,23656928
2024-06-09 20:36,5234-****-****-1234,11번가,온라인쇼핑,30200,71095611
2024-06-10 13:54,5234-****-****-1234,스크린골프 마포점,운동/스포츠,25600,53788744
2024-06-10 19:03,5234-****-****-1234,서울교통공사,대중교통,2900,76422705
2024-06-10 21:44,5234-****-****-1234,티머니,대중교통,1300,50486688
2024-06-11 09:48,5234-****-****-1234,쿠팡이츠,배달앱,33500,51273379
2024-06-11 14:39,5234-****-****-1234,CU 상수점,편의점,8400,25331969
2024-06-11 16:17,5234-****-****-1234,헬스장 월정액,운동/스포츠,20300,37207628
2024-06-11 19:08,5234-****-****-1234,김밥천국 마포점,음식점,44100,56135950
2024-06-11 19:55,5234-****-****-1234,김밥천국 마포점,음식점,13100,95206855
2024-06-11 21:27,5234-****-****-1234,G마켓,온라인쇼핑,81300,18572753
2024-06-12 11:16,5234-****-****-1234,G마켓,온라인쇼핑,37000,25479814
2024-06-12 11:29,5234-****-****-1234,GS25 신촌점,편의점,12100,49922369
2024-06-12 17:33,5234-****-****-1234,네이버쇼핑,온라인쇼핑,78000,59911470
2024-06-12 17:43,5234-****-****-1234,카카오T,대중교통,1600,19796799
2024-06-12 18:31,5234-****-****-1234,요기요,배달앱,18400,83357939
2024-06-12 18:38,5234-****-****-1234,버거킹 마포점,음식점,42300,53440052
2024-06-13 10:15,5234-****-****-1234,티머니,대중교통,2300,89715904
2024-06-13 19:19,5234-****-****-1234,티머니,대중교통,2700,41426254
2024-06-14 19:05,5234-****-****-1234,서울교통공사,대중교통,2700,10145801
2024-06-14 20:31,5234-****-****-1234,한솥도시락 홍대점,음식점,24600,48063218
2024-06-15 08:42,5234-****-****-1234,CU 상수점,편의점,10000,95779702
2024-06-15 10:55,5234-****-****-1234,투썸플레이스 합정점,카페,4400,25755285
2024-06-15 11:27,5234-****-****-1234,버거킹 마포점,음식점,20300,97241147
2024-06-15 14:24,5234-****-****-1234,GS25 신촌점,편의점,2100,37619925
2024-06-16 10:11,5234-****-****-1234,투썸플레이스 합정점,카페,8200,93135800
2024-06-16 10:14,5234-****-****-1234,서울교통공사,대중교통,2000,23747542
2024-06-17 12:38,5234-****-****-1234,CU 상수점,편의점,4300,61500679
2024-06-17 14:03,5234-****-****-1234,G마켓,온라인쇼핑,141000,32398441
2024-06-17 19:28,5234-****-****-1234,서울교통공사,대중교통,1300,56113741
2024-06-18 16:00,5234-****-****-1234,배달의민족,배달앱,24100,49137230
2024-06-19 09:27,5234-****-****-1234,헬스장 월정액,운동/스포츠,48400,41778964
2024-06-19 14:07,5234-****-****-1234,쿠팡,온라인쇼핑,141600,34071191
2024-06-19 19:40,5234-****-****-1234,본죽 신촌점,음식점,34100,70665302
2024-06-19 20:24,5234-****-****-1234,카카오T,대중교통,2000,52211967
2024-06-19 21:19,5234-****-****-1234,배달의민족,배달앱,32400,72267186
2024-06-20 11:17,5234-****-****-1234,카카오T,대중교통,1400,20606094
2024-06-20 12:13,5234-****-****-1234,맥도날드 홍대점,음식점,20600,86514083
2024-06-20 18:03,5234-****-****-1234,홈플러스 합정점,마트/슈퍼,55500,26031369
2024-06-21 08:51,5234-****-****-1234,GS25 신촌점,편의점,4700,79255529
2024-06-21 20:32,5234-****-****-1234,카카오T,대중교통,2800,66851305
2024-06-21 21:53,5234-****-****-1234,현대오일뱅크 신촌점,주유소,72600,96322745
2024-06-22 12:01,5234-****-****-1234,CU 상수점,편의점,14100,36484437
2024-06-22 13:45,5234-****-****-1234,투썸플레이스 합정점,카페,10300,32448383
2024-06-22 19:54,5234-****-****-1234,본죽 신촌점,음식점,11200,39236638
2024-06-23 13:05,5234-****-****-1234,SKT,통신,37900,79760901
2024-06-23 13:36,5234-****-****-1234,롯데리아 신촌점,음식점,24500,28198434
2024-06-23 14:29,5234-****-****-1234,넷플릭스,OTT/구독,16300,87949714
2024-06-23 15:05,5234-****-****-1234,티머니,대중교통,2600,82162880
2024-06-24 11:58,5234-****-****-1234,티머니,대중교통,2100,69375757
2024-06-24 12:59,5234-****-****-1234,김밥천국 마포점,음식점,31200,75504221
2024-06-24 17:31,5234-****-****-1234,스타벅스 홍대입구점,카페,11400,86868379
2024-06-24 17:48,5234-****-****-1234,메가커피 마포점,카페,7100,14325890
2024-06-25 16:34,5234-****-****-1234,투썸플레이스 합정점,카페,6600,23746101
2024-06-25 20:58,5234-****-****-1234,BBQ 상수점,음식점,10900,98032908
2024-06-25 21:15,5234-****-****-1234,배달의민족,배달앱,16900,65034115
2024-06-25 21:55,5234-****-****-1234,티머니,대중교통,1500,29173414
2024-06-26 11:15,5234-****-****-1234,티머니,대중교통,1800,21307671
2024-06-26 11:34,5234-****-****-1234,GS칼텍스 홍대점,주유소,51400,88710263
2024-06-26 17:02,5234-****-****-1234,배달의민족,배달앱,25100,72423883
2024-06-26 18:11,5234-****-****-1234,세븐일레븐 마포점,편의점,8000,36450861
2024-06-26 20:01,5234-****-****-1234,버거킹 마포점,음식점,15100,69228397
2024-06-27 10:55,5234-****-****-1234,티머니,대중교통,2100,27740248
2024-06-27 12:35,5234-****-****-1234,투썸플레이스 합정점,카페,11300,64913082
2024-06-27 12:53,5234-****-****-1234,김밥천국 마포점,음식점,32700,29081953
2024-06-28 12:05,5234-****-****-1234,서울교통공사,대중교통,1500,26529882
2024-06-28 13:49,5234-****-****-1234,쿠팡이츠,배달앱,22200,21594468
2024-06-29 19:03,5234-****-****-1234,롯데리아 신촌점,음식점,10000,94044392
2024-06-30 15:05,5234-****-****-1234,GS25 신촌점,편의점,13000,52035079
2024-07-01 12:10,5234-****-****-1234,GS칼텍스 홍대점,주유소,71800,20997276
2024-07-01 12:23,5234-****-****-1234,스포티파이,OTT/구독,12000,69874989
2024-07-01 12:27,5234-****-****-1234,메가커피 마포점,카페,5800,38818707
2024-07-02 10:21,5234-****-****-1234,서울교통공사,대중교통,1700,64932613
2024-07-02 14:00,5234-****-****-1234,서울교통공사,대중교통,2100,49533757
2024-07-02 15:16,5234-****-****-1234,CU 홍대점,편의점,4800,64276605
2024-07-02 17:14,5234-****-****-1234,GS25 신촌점,편의점,4100,63765180
2024-07-02 20:30,5234-****-****-1234,한솥도시락 홍대점,음식점,41700,88381665
2024-07-03 12:28,5234-****-****-1234,쿠팡이츠,배달앱,18900,75023164
2024-07-03 15:57,5234-****-****-1234,이마트 마포점,마트/슈퍼,108600,77390918
2024-07-04 13:20,5234-****-****-1234,버거킹 마포점,음식점,15900,68635481
2024-07-05 08:15,5234-****-****-1234,이마트24 합정점,편의점,7800,78915391
2024-07-05 12:41,5234-****-****-1234,이디야 신촌점,카페,11600,94658420
2024-07-05 18:16,5234-****-****-1234,쿠팡,온라인쇼핑,93800,21680625
2024-07-05 18:38,5234-****-****-1234,쿠팡,온라인쇼핑,115300,63122402
2024-07-05 19:58,5234-****-****-1234,롯데리아 신촌점,음식점,16300,80638102
2024-07-06 11:13,5234-****-****-1234,네이버쇼핑,온라인쇼핑,60500,15727862
2024-07-06 11:38,5234-****-****-1234,맥도날드 홍대점,음식점,21400,47706144
2024-07-06 12:56,5234-****-****-1234,배달의민족,배달앱,18600,43486016
2024-07-06 13:47,5234-****-****-1234,넷플릭스,OTT/구독,15300,48261364
2024-07-06 15:31,5234-****-****-1234,카카오T,대중교통,2000,83286096
2024-07-06 16:37,5234-****-****-1234,멜론,OTT/구독,13000,56204319
2024-07-06 18:20,5234-****-****-1234,티머니,대중교통,2900,39648058
2024-07-06 19:44,5234-****-****-1234,본죽 신촌점,음식점,44500,86166246
2024-07-06 20:04,5234-****-****-1234,서울교통공사,대중교통,2400,55358959
2024-07-08 17:03,5234-****-****-1234,GS더프레시 홍대점,마트/슈퍼,65700,81875527
2024-07-08 19:01,5234-****-****-1234,김밥천국 마포점,음식점,41500,10091737
2024-07-08 19:51,5234-****-****-1234,맥도날드 홍대점,음식점,30500,57201978
2024-07-08 20:04,5234-****-****-1234,카카오T,대중교통,2000,24500158
2024-07-08 21:06,5234-****-****-1234,교촌치킨 합정점,음식점,23200,45772648
2024-07-09 10:41,5234-****-****-1234,GS더프레시 홍대점,마트/슈퍼,86300,34814337
2024-07-09 16:29,5234-****-****-1234,홈플러스 합정점,마트/슈퍼,49500,46045780
2024-07-09 16:54,5234-****-****-1234,요기요,배달앱,34800,23182514
2024-07-11 21:12,5234-****-****-1234,한솥도시락 홍대점,음식점,15600,33818260
2024-07-12 15:23,5234-****-****-1234,GS더프레시 홍대점,마트/슈퍼,39500,15988382
2024-07-12 15:41,5234-****-****-1234,CU 상수점,편의점,3400,88667527
2024-07-13 09:10,5234-****-****-1234,헬스장 월정액,운동/스포츠,42500,39709238
2024-07-13 10:53,5234-****-****-1234,티머니,대중교통,2200,97371655
2024-07-13 11:49,5234-****-****-1234,요기요,배달앱,29200,13885356
2024-07-13 17:25,5234-****-****-1234,마켓컬리,온라인쇼핑,95500,79751366
2024-07-13 18:35,5234-****-****-1234,카카오T,대중교통,3000,30614492
2024-07-14 10:43,5234-****-****-1234,네이버쇼핑,온라인쇼핑,124100,94184877
2024-07-14 11:09,5234-****-****-1234,쿠팡,온라인쇼핑,36300,85522135
2024-07-14 19:10,5234-****-****-1234,카카오T,대중교통,2500,31086112
2024-07-15 08:50,5234-****-****-1234,CU 홍대점,편의점,4300,11604831
2024-07-15 09:50,5234-****-****-1234,11번가,온라인쇼핑,147000,25102023
2024-07-15 09:58,5234-****-****-1234,CJ올리브영 신촌점,의료/약국,52200,46772637
2024-07-15 10:07,5234-****-****-1234,GS25 신촌점,편의점,3500,50831043
2024-07-15 17:05,5234-****-****-1234,스타벅스 홍대입구점,카페,8400,15730602
2024-07-16 10:19,5234-****-****-1234,GS칼텍스 홍대점,주유소,56000,75645462
2024-07-18 11:49,5234-****-****-1234,이마트24 합정점,편의점,5400,51380361
2024-07-18 13:31,5234-****-****-1234,롯데리아 신촌점,음식점,9500,17538738
2024-07-18 17:22,5234-****-****-1234,메가커피 마포점,카페,11200,62127652
2024-07-18 20:58,5234-****-****-1234,교촌치킨 합정점,음식점,10700,87268086
2024-07-19 09:09,5234-****-****-1234,이마트 마포점,마트/슈퍼,113600,21503440
2024-07-19 20:24,5234-****-****-1234,BBQ 상수점,음식점,27100,27092408
2024-07-20 15:15,5234-****-****-1234,투썸플레이스 합정점,카페,7800,65296657
2024-07-20 16:02,5234-****-****-1234,마켓컬리,온라인쇼핑,55100,64086249
2024-07-20 18:57,5234-****-****-1234,티머니,대중교통,2200,14159837
2024-07-21 10:52,5234-****-****-1234,티머니,대중교통,2700,95778910
2024-07-21 18:06,5234-****-****-1234,서울교통공사,대중교통,2300,54448673
2024-07-22 13:19,5234-****-****-1234,서울교통공사,대중교통,1700,16661956
2024-07-22 14:51,5234-****-****-1234,GS더프레시 홍대점,마트/슈퍼,86000,89151743
2024-07-22 16:36,5234-****-****-1234,GS더프레시 홍대점,마트/슈퍼,45900,50111251
2024-07-23 17:46,5234-****-****-1234,티머니,대중교통,2700,45603234
2024-07-23 20:39,5234-****-****-1234,교촌치킨 합정점,음식점,30400,99326148
2024-07-24 09:03,5234-****-****-1234,카카오T,대중교통,2000,66324902
2024-07-24 10:15,5234-****-****-1234,카카오T,대중교통,2000,32533467
2024-07-24 14:28,5234-****-****-1234,카카오T,대중교통,1300,38143348
2024-07-25 10:50,5234-****-****-1234,G마켓,온라인쇼핑,85000,56153339
2024-07-25 14:17,5234-****-****-1234,요기요,배달앱,25700,96644900
2024-07-25 17:55,5234-****-****-1234,배달의민족,배달앱,24300,79158328
2024-07-25 19:14,5234-****-****-1234,카카오T,대중교통,1600,19893106
2024-07-26 09:18,5234-****-****-1234,카카오T,대중교통,1300,45047967
2024-07-26 11:04,5234-****-****-1234,요기요,배달앱,22200,78020910
2024-07-26 14:01,5234-****-****-1234,메가커피 마포점,카페,9300,74382155
2024-07-26 18:43,5234-****-****-1234,쿠팡,온라인쇼핑,48700,70269093
2024-07-26 19:31,5234-****-****-1234,버거킹 마포점,음식점,27800,85427317
2024-07-27 16:32,5234-****-****-1234,LG U+,통신,61000,26625933
2024-07-27 16:38,5234-****-****-1234,GS25 신촌점,편의점,2700,53995720
2024-07-27 19:40,5234-****-****-1234,카카오T,대중교통,2500,36799898
2024-07-28 12:08,5234-****-****-1234,요기요,배달앱,21800,69473299
2024-07-28 13:04,5234-****-****-1234,본죽 신촌점,음식점,31500,88653825
2024-07-28 13:47,5234-****-****-1234,GS25 신촌점,편의점,11000,22713811
2024-07-28 21:24,5234-****-****-1234,버거킹 마포점,음식점,30300,33635791
2024-07-29 14:01,5234-****-****-1234,쿠팡이츠,배달앱,23100,51734908
2024-07-29 14:03,5234-****-****-1234,메가커피 마포점,카페,4400,61407440
2024-07-29 14:44,5234-****-****-1234,쿠팡,온라인쇼핑,72300,73782705
2024-07-29 15:16,5234-****-****-1234,11번가,온라인쇼핑,110400,86775659
2024-07-30 09:17,5234-****-****-1234,이디야 신촌점,카페,10300,14650569
2024-07-30 17:01,5234-****-****-1234,이디야 신촌점,카페,4100,96702893
2024-07-30 20:55,5234-****-****-1234,맥도날드 홍대점,음식점,28200,12941099
2024-07-31 10:04,5234-****-****-1234,서울교통공사,대중교통,2000,60393104
2024-07-31 13:10,5234-****-****-1234,투썸플레이스 합정점,카페,10100,76588957
2024-07-31 19:09,5234-****-****-1234,교촌치킨 합정점,음식점,43900,76065552
2024-08-01 13:26,5234-****-****-1234,서울교통공사,대중교통,2600,98916958
2024-08-01 18:49,5234-****-****-1234,CU 홍대점,편의점,13200,73632249
2024-08-02 17:35,5234-****-****-1234,쿠팡,온라인쇼핑,10000,91094790
2024-08-02 18:46,5234-****-****-1234,맥도날드 홍대점,음식점,31500,53246714
2024-08-02 19:53,5234-****-****-1234,요기요,배달앱,34000,26538199
2024-08-03 11:17,5234-****-****-1234,세븐일레븐 마포점,편의점,12500,47162866
2024-08-03 13:41,5234-****-****-1234,SK주유소 마포점,주유소,50600,80439867
2024-08-03 16:28,5234-****-****-1234,쿠팡,온라인쇼핑,92900,76756320
2024-08-03 21:31,5234-****-****-1234,홈플러스 합정점,마트/슈퍼,57000,54411953
2024-08-04 07:42,5234-****-****-1234,CU 상수점,편의점,8100,96884788
2024-08-04 10:48,5234-****-****-1234,쿠팡,온라인쇼핑,68100,55816176
2024-08-04 13:37,5234-****-****-1234,버거킹 마포점,음식점,27100,18762675
2024-08-04 15:42,5234-****-****-1234,요기요,배달앱,31700,53197138
2024-08-05 09:44,5234-****-****-1234,스크린골프 마포점,운동/스포츠,56400,37380537
2024-08-05 10:49,5234-****-****-1234,서울교통공사,대중교통,2300,23594977
2024-08-05 13:15,5234-****-****-1234,CU 상수점,편의점,2900,64237172
2024-08-05 15:38,5234-****-****-1234,요기요,배달앱,34900,78759020
2024-08-05 16:00,5234-****-****-1234,요기요,배달앱,29400,16519170
2024-08-05 20:46,5234-****-****-1234,서울교통공사,대중교통,1400,23920137
2024-08-05 20:47,5234-****-****-1234,쿠팡,온라인쇼핑,117300,44130133
2024-08-06 18:24,5234-****-****-1234,현대오일뱅크 신촌점,주유소,53500,13867648
2024-08-07 12:07,5234-****-****-1234,배달의민족,배달앱,24900,71343676
2024-08-07 19:42,5234-****-****-1234,마켓컬리,온라인쇼핑,129600,58767001
2024-08-08 15:17,5234-****-****-1234,이마트24 합정점,편의점,12700,78891441
2024-08-08 16:19,5234-****-****-1234,메가커피 마포점,카페,9900,59886371
2024-08-08 19:08,5234-****-****-1234,맥도날드 홍대점,음식점,20800,89147232
2024-08-09 09:32,5234-****-****-1234,GS더프레시 홍대점,마트/슈퍼,44200,64126921
2024-08-09 09:49,5234-****-****-1234,빽다방 상수점,카페,5800,31264801
2024-08-09 14:29,5234-****-****-1234,투썸플레이스 합정점,카페,4900,17204398
2024-08-09 15:19,5234-****-****-1234,세븐일레븐 마포점,편의점,13700,66882385
2024-08-09 15:21,5234-****-****-1234,쿠팡이츠,배달앱,21600,27900864
2024-08-09 15:57,5234-****-****-1234,세븐일레븐 마포점,편의점,12700,35281262
2024-08-09 16:03,5234-****-****-1234,서울교통공사,대중교통,1500,15294153
2024-08-09 20:39,5234-****-****-1234,맥도날드 홍대점,음식점,10200,98848098
2024-08-10 08:08,5234-****-****-1234,세븐일레븐 마포점,편의점,14100,85031958
2024-08-10 10:50,5234-****-****-1234,카카오T,대중교통,1500,36661903
2024-08-10 20:35,5234-****-****-1234,요기요,배달앱,22300,84300459
2024-08-11 12:00,5234-****-****-1234,티머니,대중교통,1300,21945758
2024-08-11 12:36,5234-****-****-1234,이디야 신촌점,카페,10500,52464268
2024-08-12 14:11,5234-****-****-1234,카카오T,대중교통,1500,63720675
2024-08-12 16:39,5234-****-****-1234,티머니,대중교통,1800,22475714
2024-08-12 19:51,5234-****-****-1234,G마켓,온라인쇼핑,86500,80059652
2024-08-12 20:06,5234-****-****-1234,네이버쇼핑,온라인쇼핑,22000,76091781
2024-08-12 20:26,5234-****-****-1234,서울교통공사,대중교통,1900,15288944
2024-08-13 11:03,5234-****-****-1234,넷플릭스,OTT/구독,15000,36830448
2024-08-14 08:54,5234-****-****-1234,이디야 신촌점,카페,5500,36883353
2024-08-14 10:32,5234-****-****-1234,티머니,대중교통,2700,25802066
2024-08-14 15:25,5234-****-****-1234,투썸플레이스 합정점,카페,10000,61447859
2024-08-14 20:07,5234-****-****-1234,서울교통공사,대중교통,1400,11298197
2024-08-15 10:33,5234-****-****-1234,이마트24 합정점,편의점,12200,88448538
2024-08-15 15:07,5234-****-****-1234,카카오T,대중교통,2400,73672398
2024-08-16 17:49,5234-****-****-1234,이디야 신촌점,카페,4400,92474074
2024-08-16 21:16,5234-****-****-1234,이마트24 합정점,편의점,8900,62113377
2024-08-17 08:43,5234-****-****-1234,빽다방 상수점,카페,9300,50044631
2024-08-17 10:10,5234-****-****-1234,CU 상수점,편의점,12800,34311643
2024-08-17 12:23,5234-****-****-1234,본죽 신촌점,음식점,9400,95942441
2024-08-17 13:39,5234-****-****-1234,티머니,대중교통,2500,28409776
2024-08-17 15:26,5234-****-****-1234,요기요,배달앱,32000,43318046
2024-08-17 17:44,5234-****-****-1234,올리브영 홍대점,의료/약국,47300,57276557
2024-08-17 20:44,5234-****-****-1234,이마트 마포점,마트/슈퍼,96000,68095862
2024-08-18 15:53,5234-****-****-1234,쿠팡이츠,배달앱,31200,78227286
2024-08-18 16:37,5234-****-****-1234,온누리약국,의료/약국,79800,81659221
2024-08-18 16:58,5234-****-****-1234,티머니,대중교통,1700,74513622
2024-08-18 21:39,5234-****-****-1234,마켓컬리,온라인쇼핑,134000,70737878
2024-08-19 20:36,5234-****-****-1234,롯데마트 상암점,마트/슈퍼,44400,79672379
2024-08-20 12:49,5234-****-****-1234,티머니,대중교통,1800,37068117
2024-08-20 15:19,5234-****-****-1234,CU 홍대점,편의점,13200,74657836
2024-08-21 09:03,5234-****-****-1234,서울교통공사,대중교통,2700,65938669
2024-08-21 11:32,5234-****-****-1234,GS더프레시 홍대점,마트/슈퍼,76500,32200132
2024-08-21 12:12,5234-****-****-1234,요기요,배달앱,18900,49000919
2024-08-21 21:20,5234-****-****-1234,스타벅스 홍대입구점,카페,4000,70673557
2024-08-22 11:08,5234-****-****-1234,CU 홍대점,편의점,13800,97966375
2024-08-22 14:58,5234-****-****-1234,배달의민족,배달앱,34000,97253117
2024-08-22 19:24,5234-****-****-1234,이마트 마포점,마트/슈퍼,34500,11562947
2024-08-22 20:15,5234-****-****-1234,롯데마트 상암점,마트/슈퍼,78200,99081734
2024-08-23 11:13,5234-****-****-1234,티머니,대중교통,2700,94598956
2024-08-24 07:45,5234-****-****-1234,GS25 신촌점,편의점,11400,56059101
2024-08-24 12:44,5234-****-****-1234,BBQ 상수점,음식점,29600,27304799
2024-08-24 16:43,5234-****-****-1234,이마트24 합정점,편의점,10800,58116670
2024-08-24 19:01,5234-****-****-1234,11번가,온라인쇼핑,36900,65343143
2024-08-25 11:44,5234-****-****-1234,배달의민족,배달앱,31000,27231111
2024-08-25 12:58,5234-****-****-1234,맥도날드 홍대점,음식점,33400,40657783
2024-08-25 16:29,5234-****-****-1234,요기요,배달앱,33600,77672253
2024-08-25 17:02,5234-****-****-1234,스크린골프 마포점,운동/스포츠,28500,23754633
2024-08-25 19:43,5234-****-****-1234,CU 홍대점,편의점,7500,39830361
2024-08-25 20:12,5234-****-****-1234,맥도날드 홍대점,음식점,8200,94112495
2024-08-25 21:10,5234-****-****-1234,볼링장 홍대,운동/스포츠,23800,43629729
2024-08-26 15:41,5234-****-****-1234,서울교통공사,대중교통,2900,25174194
2024-08-27 09:52,5234-****-****-1234,11번가,온라인쇼핑,68400,54556611
2024-08-27 11:18,5234-****-****-1234,한솥도시락 홍대점,음식점,36900,68205561
2024-08-27 12:05,5234-****-****-1234,GS더프레시 홍대점,마트/슈퍼,75200,86911446
2024-08-27 21:12,5234-****-****-1234,배달의민족,배달앱,23100,65629268
2024-08-28 11:42,5234-****-****-1234,서울교통공사,대중교통,2600,54112109
2024-08-28 13:23,5234-****-****-1234,티머니,대중교통,2900,51970837
2024-08-28 15:37,5234-****-****-1234,투썸플레이스 합정점,카페,4200,36111227
2024-08-28 16:49,5234-****-****-1234,투썸플레이스 합정점,카페,4300,54644768
2024-08-28 19:56,5234-****-****-1234,SK주유소 마포점,주유소,77700,74837853
2024-08-29 12:22,5234-****-****-1234,세븐일레븐 마포점,편의점,9500,39287523
2024-08-29 13:41,5234-****-****-1234,카카오T,대중교통,1700,49731424
2024-08-29 15:51,5234-****-****-1234,LG U+,통신,35800,24290224
2024-08-29 19:08,5234-****-****-1234,김밥천국 마포점,음식점,29500,58217837
2024-08-30 08:11,5234-****-****-1234,CU 홍대점,편의점,11800,40033905
2024-08-30 10:53,5234-****-****-1234,티머니,대중교통,2400,76317520
2024-08-30 16:07,5234-****-****-1234,GS칼텍스 홍대점,주유소,57000,16170301
2024-08-30 18:30,5234-****-****-1234,현대오일뱅크 신촌점,주유소,67300,68809216
2024-08-31 16:17,5234-****-****-1234,카카오T,대중교통,3000,74188958
2024-08-31 18:40,5234-****-****-1234,G마켓,온라인쇼핑,89800,85475000
2024-09-01 13:21,5234-****-****-1234,스타벅스 홍대입구점,카페,3600,19831184
2024-09-01 15:41,5234-****-****-1234,세브란스약국,의료/약국,31900,64874257
2024-09-01 17:56,5234-****-****-1234,GS더프레시 홍대점,마트/슈퍼,33200,32227237
2024-09-01 20:47,5234-****-****-1234,올리브영 홍대점,의료/약국,5900,79761254
2024-09-02 07:16,5234-****-****-1234,CU 상수점,편의점,5300,69467023
2024-09-02 09:16,5234-****-****-1234,빽다방 상수점,카페,4200,40554079
2024-09-02 11:16,5234-****-****-1234,G마켓,온라인쇼핑,57200,64419425
2024-09-02 19:24,5234-****-****-1234,세븐일레븐 마포점,편의점,8800,84104909
2024-09-03 12:20,5234-****-****-1234,카카오T,대중교통,2200,54069864
2024-09-03 13:23,5234-****-****-1234,서울교통공사,대중교통,1700,99736040
2024-09-03 13:54,5234-****-****-1234,서울교통공사,대중교통,2900,82292089
2024-09-03 17:10,5234-****-****-1234,CU 상수점,편의점,8800,82079745
2024-09-04 11:27,5234-****-****-1234,KT,통신,73400,45071480
2024-09-04 12:43,5234-****-****-1234,롯데리아 신촌점,음식점,26700,47784631
2024-09-05 10:01,5234-****-****-1234,요기요,배달앱,18600,77693989
2024-09-05 11:10,5234-****-****-1234,이마트 마포점,마트/슈퍼,62500,98732634
2024-09-05 13:56,5234-****-****-1234,맥도날드 홍대점,음식점,31500,84292758
2024-09-06 09:20,5234-****-****-1234,서울교통공사,대중교통,1800,96011893
2024-09-06 14:35,5234-****-****-1234,왓챠,OTT/구독,13100,44061458
2024-09-06 16:57,5234-****-****-1234,요기요,배달앱,32100,15239398
2024-09-06 18:08,5234-****-****-1234,BBQ 상수점,음식점,32600,95100169
2024-09-07 11:05,5234-****-****-1234,이디야 신촌점,카페,4600,82205759
2024-09-07 13:46,5234-****-****-1234,서울교통공사,대중교통,2500,20120010
2024-09-07 16:38,5234-****-****-1234,11번가,온라인쇼핑,133600,32893086
2024-09-07 17:58,5234-****-****-1234,카카오T,대중교통,2900,62088975
2024-09-08 10:32,5234-****-****-1234,롯데마트 상암점,마트/슈퍼,99300,38389345
2024-09-08 13:50,5234-****-****-1234,세븐일레븐 마포점,편의점,13400,99186817
2024-09-08 15:38,5234-****-****-1234,G마켓,온라인쇼핑,47400,34412077
2024-09-08 15:51,5234-****-****-1234,이마트 마포점,마트/슈퍼,58300,74628070
2024-09-08 19:16,5234-****-****-1234,롯데리아 신촌점,음식점,19700,34341456
2024-09-08 21:37,5234-****-****-1234,카카오T,대중교통,2800,27969238
2024-09-10 13:36,5234-****-****-1234,세븐일레븐 마포점,편의점,11000,19781894
2024-09-10 18:56,5234-****-****-1234,쿠팡이츠,배달앱,29800,44601998
2024-09-11 07:43,5234-****-****-1234,빽다방 상수점,카페,4900,10791740
2024-09-11 10:45,5234-****-****-1234,티머니,대중교통,2300,46707919
2024-09-11 13:59,5234-****-****-1234,CU 홍대점,편의점,4500,30629718
2024-09-12 09:14,5234-****-****-1234,카카오T,대중교통,2800,41104946
2024-09-12 10:48,5234-****-****-1234,CU 상수점,편의점,12100,73734252
2024-09-13 08:14,5234-****-****-1234,세븐일레븐 마포점,편의점,5500,54434998
2024-09-13 19:07,5234-****-****-1234,메가커피 마포점,카페,9300,82509424
2024-09-13 19:24,5234-****-****-1234,현대오일뱅크 신촌점,주유소,53900,97689346
2024-09-14 11:16,5234-****-****-1234,배달의민족,배달앱,27600,21249805
2024-09-14 12:51,5234-****-****-1234,쿠팡이츠,배달앱,27800,57045704
2024-09-14 13:53,5234-****-****-1234,서울교통공사,대중교통,2000,54501625
2024-09-14 14:55,5234-****-****-1234,요기요,배달앱,13400,81110769
2024-09-14 18:23,5234-****-****-1234,멜론,OTT/구독,14000,63345392
2024-09-15 09:43,5234-****-****-1234,GS25 신촌점,편의점,3200,33326387
2024-09-15 10:41,5234-****-****-1234,스타벅스 홍대입구점,카페,7000,53075436
2024-09-15 17:32,5234-****-****-1234,카카오T,대중교통,1400,58837208
2024-09-16 16:56,5234-****-****-1234,서울교통공사,대중교통,1300,97043518
2024-09-16 17:06,5234-****-****-1234,티머니,대중교통,1600,91420187
2024-09-16 19:08,5234-****-****-1234,요기요,배달앱,31800,10161088
2024-09-16 19:49,5234-****-****-1234,카카오T,대중교통,1600,62680236
2024-09-17 09:42,5234-****-****-1234,티머니,대중교통,1700,32259144
2024-09-17 15:22,5234-****-****-1234,GS칼텍스 홍대점,주유소,52600,74707720
2024-09-18 07:04,5234-****-****-1234,이디야 신촌점,카페,6500,66936428
2024-09-18 10:10,5234-****-****-1234,세븐일레븐 마포점,편의점,11600,10757677
2024-09-18 11:42,5234-****-****-1234,BBQ 상수점,음식점,11400,23180503
2024-09-18 16:12,5234-****-****-1234,GS25 신촌점,편의점,14700,49483865
2024-09-18 17:41,5234-****-****-1234,CU 홍대점,편의점,2100,99783401
2024-09-19 14:49,5234-****-****-1234,스크린골프 마포점,운동/스포츠,51200,28531242
2024-09-19 18:10,5234-****-****-1234,이마트 마포점,마트/슈퍼,32700,86808685
2024-09-19 18:23,5234-****-****-1234,카카오T,대중교통,2900,67486445
2024-09-19 18:42,5234-****-****-1234,티머니,대중교통,1500,74894729
2024-09-19 21:47,5234-****-****-1234,요기요,배달앱,34800,23115341
2024-09-20 13:35,5234-****-****-1234,BBQ 상수점,음식점,12600,38192821
2024-09-20 18:40,5234-****-****-1234,마켓컬리,온라인쇼핑,14900,21508969
2024-09-20 19:19,5234-****-****-1234,티머니,대중교통,2700,30454105
2024-09-20 19:32,5234-****-****-1234,네이버쇼핑,온라인쇼핑,79300,55992559
2024-09-22 15:52,5234-****-****-1234,요기요,배달앱,16900,22924976
2024-09-22 16:30,5234-****-****-1234,홈플러스 합정점,마트/슈퍼,42600,96873663
2024-09-22 19:15,5234-****-****-1234,카카오T,대중교통,1500,93150000
2024-09-22 20:54,5234-****-****-1234,김밥천국 마포점,음식점,10600,96526748
2024-09-24 10:58,5234-****-****-1234,메가커피 마포점,카페,11500,79029393
2024-09-24 13:24,5234-****-****-1234,이마트24 합정점,편의점,2700,47461811
2024-09-24 18:31,5234-****-****-1234,카카오T,대중교통,1900,27208745
2024-09-24 19:46,5234-****-****-1234,교촌치킨 합정점,음식점,29500,65385548
2024-09-25 12:26,5234-****-****-1234,스포티파이,OTT/구독,13000,74755726
2024-09-25 17:08,5234-****-****-1234,서울교통공사,대중교통,2200,34044459
2024-09-25 19:02,5234-****-****-1234,한솥도시락 홍대점,음식점,11800,77489633
2024-09-25 21:24,5234-****-****-1234,맥도날드 홍대점,음식점,32900,73617549
2024-09-26 13:31,5234-****-****-1234,메가커피 마포점,카페,3700,97446634
2024-09-26 16:33,5234-****-****-1234,GS25 신촌점,편의점,5600,79874593
2024-09-26 20:10,5234-****-****-1234,헬스장 월정액,운동/스포츠,11600,78228715
2024-09-27 08:34,5234-****-****-1234,스타벅스 홍대입구점,카페,10100,30636590
2024-09-27 09:40,5234-****-****-1234,세븐일레븐 마포점,편의점,13500,88971743
2024-09-27 15:01,5234-****-****-1234,이마트 마포점,마트/슈퍼,46900,27164449
2024-09-27 18:37,5234-****-****-1234,티머니,대중교통,2100,38556255
2024-09-27 20:16,5234-****-****-1234,티머니,대중교통,2400,86525600
2024-09-28 15:35,5234-****-****-1234,CU 상수점,편의점,5700,62195484
2024-09-28 19:07,5234-****-****-1234,맥도날드 홍대점,음식점,9700,86868988
2024-09-28 19:07,5234-****-****-1234,헬스장 월정액,운동/스포츠,54000,69940949
2024-09-29 09:54,5234-****-****-1234,티머니,대중교통,2300,14186818
2024-09-29 10:33,5234-****-****-1234,GS칼텍스 홍대점,주유소,46500,39917031
2024-09-29 16:29,5234-****-****-1234,카카오T,대중교통,2200,50999730
2024-09-29 19:32,5234-****-****-1234,버거킹 마포점,음식점,16300,34695085
2024-09-29 21:34,5234-****-****-1234,배달의민족,배달앱,28500,22507745
2024-09-29 21:43,5234-****-****-1234,쿠팡이츠,배달앱,33300,80067590
2024-09-30 09:35,5234-****-****-1234,티머니,대중교통,1800,82434236
2024-09-30 10:24,5234-****-****-1234,투썸플레이스 합정점,카페,10400,68119636
2024-09-30 11:03,5234-****-****-1234,CU 상수점,편의점,14700,98837400
2024-09-30 16:38,5234-****-****-1234,네이버쇼핑,온라인쇼핑,28000,60762668
2024-10-01 09:42,5234-****-****-1234,세븐일레븐 마포점,편의점,10500,36138432
2024-10-01 11:03,5234-****-****-1234,네이버쇼핑,온라인쇼핑,15800,23726915
2024-10-01 11:50,5234-****-****-1234,요기요,배달앱,21000,26059096
2024-10-01 17:52,5234-****-****-1234,SK주유소 마포점,주유소,79700,56155452
2024-10-02 13:49,5234-****-****-1234,쿠팡,온라인쇼핑,112900,82905989
2024-10-02 14:41,5234-****-****-1234,요기요,배달앱,17000,81988124
2024-10-02 17:32,5234-****-****-1234,GS25 신촌점,편의점,10500,92569402
2024-10-03 11:00,5234-****-****-1234,네이버쇼핑,온라인쇼핑,139400,55890766
2024-10-03 12:50,5234-****-****-1234,이디야 신촌점,카페,6600,52376656
2024-10-03 19:39,5234-****-****-1234,요기요,배달앱,23100,18060088
2024-10-03 21:49,5234-****-****-1234,세븐일레븐 마포점,편의점,8500,99880518
2024-10-04 13:39,5234-****-****-1234,버거킹 마포점,음식점,24000,83626933
2024-10-04 20:10,5234-****-****-1234,서울교통공사,대중교통,1400,44130183
2024-10-04 21:43,5234-****-****-1234,맥도날드 홍대점,음식점,39300,82675403
2024-10-04 21:45,5234-****-****-1234,11번가,온라인쇼핑,75300,69453211
2024-10-05 10:41,5234-****-****-1234,카카오T,대중교통,2000,40783635
2024-10-05 13:07,5234-****-****-1234,G마켓,온라인쇼핑,129400,70769389
2024-10-05 17:53,5234-****-****-1234,서울교통공사,대중교통,1600,14718421
2024-10-05 20:15,5234-****-****-1234,카카오T,대중교통,2600,20746107
2024-10-05 20:34,5234-****-****-1234,티머니,대중교통,1600,90206393
2024-10-06 12:06,5234-****-****-1234,빽다방 상수점,카페,4200,49493811
2024-10-06 14:14,5234-****-****-1234,카카오T,대중교통,1900,97645934
2024-10-06 15:23,5234-****-****-1234,CU 홍대점,편의점,5900,31131878
2024-10-06 18:08,5234-****-****-1234,한솥도시락 홍대점,음식점,40900,75313057
2024-10-06 21:18,5234-****-****-1234,카카오T,대중교통,2000,78510704
2024-10-06 21:58,5234-****-****-1234,BBQ 상수점,음식점,40500,63402482
2024-10-07 10:15,5234-****-****-1234,쿠팡이츠,배달앱,32700,53555463
2024-10-07 11:25,5234-****-****-1234,서울교통공사,대중교통,1500,18562070
2024-10-07 12:47,5234-****-****-1234,김밥천국 마포점,음식점,16800,11307588
2024-10-07 18:36,5234-****-****-1234,티머니,대중교통,2600,82267959
2024-10-08 10:25,5234-****-****-1234,스타벅스 홍대입구점,카페,8600,84430642
2024-10-08 20:02,5234-****-****-1234,11번가,온라인쇼핑,62200,22611138
2024-10-08 20:08,5234-****-****-1234,본죽 신촌점,음식점,10500,74199033
2024-10-08 20:18,5234-****-****-1234,티머니,대중교통,2200,26966692
2024-10-08 21:00,5234-****-****-1234,롯데마트 상암점,마트/슈퍼,86900,35309568
2024-10-09 09:47,5234-****-****-1234,투썸플레이스 합정점,카페,6100,36798789
2024-10-09 10:27,5234-****-****-1234,홈플러스 합정점,마트/슈퍼,97000,79338228
2024-10-09 12:30,5234-****-****-1234,한솥도시락 홍대점,음식점,29500,34684475
2024-10-09 14:23,5234-****-****-1234,티머니,대중교통,2400,44589898
2024-10-09 16:49,5234-****-****-1234,티머니,대중교통,2000,88775038
2024-10-09 17:54,5234-****-****-1234,서울교통공사,대중교통,2400,63472598
2024-10-09 18:36,5234-****-****-1234,교촌치킨 합정점,음식점,15600,23404289
2024-10-09 20:39,5234-****-****-1234,네이버쇼핑,온라인쇼핑,139000,53036072
2024-10-10 09:49,5234-****-****-1234,롯데마트 상암점,마트/슈퍼,71400,90128487
2024-10-10 13:08,5234-****-****-1234,쿠팡,온라인쇼핑,124900,41247296
2024-10-10 14:26,5234-****-****-1234,서울교통공사,대중교통,1800,50744867
2024-10-10 16:34,5234-****-****-1234,현대오일뱅크 신촌점,주유소,30500,76025948
2024-10-10 20:17,5234-****-****-1234,티머니,대중교통,2500,63077115
2024-10-11 20:51,5234-****-****-1234,메가커피 마포점,카페,11400,82196170
2024-10-12 08:02,5234-****-****-1234,이마트24 합정점,편의점,13900,63773642
2024-10-12 09:26,5234-****-****-1234,카카오T,대중교통,1500,91279039
2024-10-12 11:52,5234-****-****-1234,GS25 신촌점,편의점,6500,91384718
2024-10-12 16:00,5234-****-****-1234,볼링장 홍대,운동/스포츠,55800,77908497
2024-10-12 21:05,5234-****-****-1234,배달의민족,배달앱,20200,77098020
2024-10-13 12:12,5234-****-****-1234,CU 홍대점,편의점,10500,19209640
2024-10-13 20:00,5234-****-****-1234,GS25 신촌점,편의점,3500,73306295
2024-10-13 21:15,5234-****-****-1234,배달의민족,배달앱,12300,87990837
2024-10-14 13:50,5234-****-****-1234,마켓컬리,온라인쇼핑,140700,72234675
2024-10-14 17:27,5234-****-****-1234,홈플러스 합정점,마트/슈퍼,66700,31913660
2024-10-14 20:33,5234-****-****-1234,스타벅스 홍대입구점,카페,11800,45346197
2024-10-15 19:47,5234-****-****-1234,티머니,대중교통,2600,68381674
2024-10-15 21:44,5234-****-****-1234,김밥천국 마포점,음식점,41000,52365995
2024-10-16 11:12,5234-****-****-1234,11번가,온라인쇼핑,75600,11693222
2024-10-16 17:14,5234-****-****-1234,서울교통공사,대중교통,2900,69305486
2024-10-16 17:48,5234-****-****-1234,투썸플레이스 합정점,카페,8600,71836850
2024-10-16 18:26,5234-****-****-1234,한솥도시락 홍대점,음식점,31400,63766628
2024-10-16 19:06,5234-****-****-1234,티머니,대중교통,2200,54916840
2024-10-16 21:47,5234-****-****-1234,서울교통공사,대중교통,2200,61146483
2024-10-17 11:28,5234-****-****-1234,스크린골프 마포점,운동/스포츠,24400,82693120
2024-10-17 16:26,5234-****-****-1234,서울교통공사,대중교통,1600,13100576
2024-10-17 19:40,5234-****-****-1234,카카오T,대중교통,2300,56596140
2024-10-17 21:05,5234-****-****-1234,카카오T,대중교통,1500,92960269
2024-10-18 21:41,5234-****-****-1234,쿠팡이츠,배달앱,23400,35899364
2024-10-19 11:34,5234-****-****-1234,멜론,OTT/구독,9700,72866875
2024-10-20 13:29,5234-****-****-1234,서울교통공사,대중교통,2500,32491607
2024-10-20 15:18,5234-****-****-1234,CU 상수점,편의점,13700,17712557
2024-10-20 18:25,5234-****-****-1234,서울교통공사,대중교통,3000,20618223
2024-10-21 13:12,5234-****-****-1234,배달의민족,배달앱,23800,99482259
2024-10-21 21:59,5234-****-****-1234,카카오T,대중교통,1900,94728082
2024-10-22 12:30,5234-****-****-1234,요기요,배달앱,24800,51890609
2024-10-22 14:55,5234-****-****-1234,카카오T,대중교통,1900,72705646
2024-10-23 11:43,5234-****-****-1234,본죽 신촌점,음식점,20800,87981603
2024-10-23 15:22,5234-****-****-1234,세브란스약국,의료/약국,22700,15300062
2024-10-23 16:35,5234-****-****-1234,LG U+,통신,54300,75779034
2024-10-23 20:41,5234-****-****-1234,GS더프레시 홍대점,마트/슈퍼,66100,39607414
2024-10-23 21:02,5234-****-****-1234,쿠팡,온라인쇼핑,96600,29607576
2024-10-24 12:15,5234-****-****-1234,본죽 신촌점,음식점,43400,61121302
2024-10-24 12:16,5234-****-****-1234,교촌치킨 합정점,음식점,20600,37214866
2024-10-24 17:33,5234-****-****-1234,쿠팡이츠,배달앱,16000,74589542
2024-10-25 21:58,5234-****-****-1234,롯데마트 상암점,마트/슈퍼,95400,48208680
2024-10-26 10:08,5234-****-****-1234,배달의민족,배달앱,28000,52512063
2024-10-26 11:35,5234-****-****-1234,CU 홍대점,편의점,12100,31573890
2024-10-26 13:26,5234-****-****-1234,쿠팡,온라인쇼핑,59300,34482277
2024-10-26 20:30,5234-****-****-1234,요기요,배달앱,34600,30802666
2024-10-27 12:39,5234-****-****-1234,버거킹 마포점,음식점,30300,24319594
2024-10-27 17:16,5234-****-****-1234,투썸플레이스 합정점,카페,10300,85587210
2024-10-28 17:59,5234-****-****-1234,티머니,대중교통,1800,69706076
2024-10-28 18:58,5234-****-****-1234,헬스장 월정액,운동/스포츠,41300,19244458
2024-10-29 14:01,5234-****-****-1234,스타벅스 홍대입구점,카페,10900,44603983
2024-10-29 21:57,5234-****-****-1234,BBQ 상수점,음식점,44700,75874779
2024-10-30 08:18,5234-****-****-1234,CU 상수점,편의점,13900,88239864
2024-10-30 09:20,5234-****-****-1234,이디야 신촌점,카페,8800,87002404
2024-10-30 14:05,5234-****-****-1234,세븐일레븐 마포점,편의점,3000,39765498
2024-10-30 14:10,5234-****-****-1234,요기요,배달앱,32600,15662097
2024-10-30 16:35,5234-****-****-1234,서울교통공사,대중교통,1400,63286118
2024-10-31 09:59,5234-****-****-1234,CU 상수점,편의점,8600,10624307
2024-10-31 11:30,5234-****-****-1234,한솥도시락 홍대점,음식점,31300,76080806
2024-10-31 17:11,5234-****-****-1234,이마트24 합정점,편의점,12500,68917831
2024-10-31 18:32,5234-****-****-1234,본죽 신촌점,음식점,29800,33461307
2024-11-02 13:12,5234-****-****-1234,티머니,대중교통,2900,92941828
2024-11-02 14:53,5234-****-****-1234,이마트24 합정점,편의점,8400,80574548
2024-11-02 18:09,5234-****-****-1234,BBQ 상수점,음식점,16100,59269031
2024-11-03 10:45,5234-****-****-1234,멜론,OTT/구독,11400,21449650
2024-11-03 11:59,5234-****-****-1234,G마켓,온라인쇼핑,125200,75759022
2024-11-04 14:04,5234-****-****-1234,GS25 신촌점,편의점,2700,33976493
2024-11-04 20:03,5234-****-****-1234,티머니,대중교통,1700,29820881
2024-11-05 14:05,5234-****-****-1234,티머니,대중교통,2200,16618423
2024-11-05 16:02,5234-****-****-1234,서울교통공사,대중교통,2900,36801295
2024-11-06 12:14,5234-****-****-1234,11번가,온라인쇼핑,18400,12015179
2024-11-06 14:38,5234-****-****-1234,메가커피 마포점,카페,10300,52299387
2024-11-06 14:53,5234-****-****-1234,현대오일뱅크 신촌점,주유소,39500,13957187
2024-11-06 15:18,5234-****-****-1234,배달의민족,배달앱,32100,79386491
2024-11-06 15:35,5234-****-****-1234,헬스장 월정액,운동/스포츠,29900,32935793
2024-11-06 21:37,5234-****-****-1234,CJ올리브영 신촌점,의료/약국,76600,62756521
2024-11-07 09:42,5234-****-****-1234,CU 상수점,편의점,6100,93929707
2024-11-07 12:35,5234-****-****-1234,메가커피 마포점,카페,7200,70720566
2024-11-07 14:31,5234-****-****-1234,CU 상수점,편의점,14500,30687181
2024-11-07 17:39,5234-****-****-1234,티머니,대중교통,2800,43050557
2024-11-07 19:08,5234-****-****-1234,티머니,대중교통,2400,37153619
2024-11-08 10:17,5234-****-****-1234,카카오T,대중교통,2800,53407575
2024-11-08 11:04,5234-****-****-1234,CU 상수점,편의점,12800,62008140
2024-11-08 12:20,5234-****-****-1234,BBQ 상수점,음식점,8400,84311410
2024-11-08 12:43,5234-****-****-1234,롯데마트 상암점,마트/슈퍼,18400,20667011
2024-11-08 15:18,5234-****-****-1234,카카오T,대중교통,2900,29865888
2024-11-08 15:32,5234-****-****-1234,서울교통공사,대중교통,2700,52339783
2024-11-08 17:19,5234-****-****-1234,카카오T,대중교통,1900,62801229
2024-11-09 09:29,5234-****-****-1234,서울교통공사,대중교통,2600,18938604
2024-11-10 16:30,5234-****-****-1234,카카오T,대중교통,1300,38052785
2024-11-11 16:01,5234-****-****-1234,KT,통신,46700,89230801
2024-11-11 17:36,5234-****-****-1234,카카오T,대중교통,1600,77431202
2024-11-11 20:41,5234-****-****-1234,유튜브프리미엄,OTT/구독,15700,26581824
2024-11-12 11:54,5234-****-****-1234,GS더프레시 홍대점,마트/슈퍼,65800,73598657
2024-11-12 18:52,5234-****-****-1234,카카오T,대중교통,2900,93642093
2024-11-12 19:19,5234-****-****-1234,티머니,대중교통,1700,47027755
2024-11-13 19:17,5234-****-****-1234,티머니,대중교통,2600,58347794
2024-11-13 21:02,5234-****-****-1234,마켓컬리,온라인쇼핑,109700,62902012
2024-11-14 12:36,5234-****-****-1234,카카오T,대중교통,1600,51927304
2024-11-14 13:19,5234-****-****-1234,스크린골프 마포점,운동/스포츠,52900,48759467
2024-11-14 14:22,5234-****-****-1234,카카오T,대중교통,1600,56241350
2024-11-14 17:20,5234-****-****-1234,빽다방 상수점,카페,6900,83232714
2024-11-14 21:07,5234-****-****-1234,맥도날드 홍대점,음식점,21900,95078886
2024-11-14 21:44,5234-****-****-1234,서울교통공사,대중교통,1500,74548325
2024-11-15 15:56,5234-****-****-1234,쿠팡이츠,배달앱,22000,71920968
2024-11-15 16:52,5234-****-****-1234,배달의민족,배달앱,13400,79619091
2024-11-15 17:03,5234-****-****-1234,CU 상수점,편의점,7900,65828293
2024-11-15 20:00,5234-****-****-1234,메가커피 마포점,카페,3600,89961933
2024-11-15 21:38,5234-****-****-1234,티머니,대중교통,2400,22090729
2024-11-16 18:34,5234-****-****-1234,서울교통공사,대중교통,1400,36692577
2024-11-17 07:04,5234-****-****-1234,CU 홍대점,편의점,7000,38977615
2024-11-17 08:46,5234-****-****-1234,CU 상수점,편의점,5800,61718263
2024-11-17 12:56,5234-****-****-1234,맥도날드 홍대점,음식점,26800,50310141
2024-11-17 16:35,5234-****-****-1234,서울교통공사,대중교통,2700,15335477
2024-11-17 19:59,5234-****-****-1234,버거킹 마포점,음식점,44500,22655004
2024-11-17 21:40,5234-****-****-1234,배달의민족,배달앱,13600,49081432
2024-11-18 12:31,5234-****-****-1234,티머니,대중교통,2100,86682706
2024-11-18 13:14,5234-****-****-1234,카카오T,대중교통,1600,62726977
2024-11-18 15:16,5234-****-****-1234,카카오T,대중교통,1400,77353558
2024-11-18 15:47,5234-****-****-1234,요기요,배달앱,13300,61995659
2024-11-18 16:26,5234-****-****-1234,빽다방 상수점,카페,4700,58045029
2024-11-18 21:20,5234-****-****-1234,투썸플레이스 합정점,카페,9100,94992144
2024-11-19 13:58,5234-****-****-1234,롯데리아 신촌점,음식점,21200,53579429
2024-11-20 10:26,5234-****-****-1234,세븐일레븐 마포점,편의점,12500,24826245
2024-11-20 16:00,5234-****-****-1234,이마트24 합정점,편의점,5400,20731620
2024-11-20 16:16,5234-****-****-1234,세븐일레븐 마포점,편의점,2800,39624910
2024-11-20 19:01,5234-****-****-1234,카카오T,대중교통,2800,32717056
2024-11-20 20:36,5234-****-****-1234,쿠팡,온라인쇼핑,147700,79880338
2024-11-21 13:46,5234-****-****-1234,본죽 신촌점,음식점,44800,20533057
2024-11-21 15:03,5234-****-****-1234,티머니,대중교통,1900,15527388
2024-11-22 11:05,5234-****-****-1234,카카오T,대중교통,2700,79889565
2024-11-22 13:42,5234-****-****-1234,스타벅스 홍대입구점,카페,10000,32388767
2024-11-22 14:09,5234-****-****-1234,티머니,대중교통,2800,21517819
2024-11-22 18:05,5234-****-****-1234,티머니,대중교통,1500,65510043
2024-11-22 18:55,5234-****-****-1234,티머니,대중교통,2500,40524866
2024-11-23 12:09,5234-****-****-1234,티머니,대중교통,1400,62731823
2024-11-23 14:55,5234-****-****-1234,네이버쇼핑,온라인쇼핑,129900,67385552
2024-11-23 15:46,5234-****-****-1234,볼링장 홍대,운동/스포츠,56800,92150984
2024-11-23 20:42,5234-****-****-1234,카카오T,대중교통,1300,88249598
2024-11-23 21:30,5234-****-****-1234,GS더프레시 홍대점,마트/슈퍼,32600,97183615
2024-11-24 09:01,5234-****-****-1234,세븐일레븐 마포점,편의점,12200,93241474
2024-11-24 11:01,5234-****-****-1234,티머니,대중교통,2000,57232974
2024-11-24 17:13,5234-****-****-1234,티머니,대중교통,1700,80231557
2024-11-24 19:59,5234-****-****-1234,롯데마트 상암점,마트/슈퍼,111800,30395330
2024-11-25 11:49,5234-****-****-1234,한솥도시락 홍대점,음식점,28900,68291349
2024-11-25 12:06,5234-****-****-1234,홈플러스 합정점,마트/슈퍼,32200,13516265
2024-11-25 13:35,5234-****-****-1234,티머니,대중교통,2200,28971329
2024-11-25 14:56,5234-****-****-1234,GS칼텍스 홍대점,주유소,57100,50714693
2024-11-25 18:39,5234-****-****-1234,홈플러스 합정점,마트/슈퍼,50000,90042177
2024-11-26 09:25,5234-****-****-1234,메가커피 마포점,카페,11300,98252435
2024-11-26 09:40,5234-****-****-1234,카카오T,대중교통,1800,13954845
2024-11-26 18:31,5234-****-****-1234,롯데리아 신촌점,음식점,44800,89890579
2024-11-27 11:45,5234-****-****-1234,CU 상수점,편의점,3000,45677170
2024-11-28 07:06,5234-****-****-1234,GS25 신촌점,편의점,10000,23254482
2024-11-28 10:01,5234-****-****-1234,티머니,대중교통,1800,61878269
2024-11-28 11:11,5234-****-****-1234,볼링장 홍대,운동/스포츠,55400,16886777
2024-11-28 11:19,5234-****-****-1234,티머니,대중교통,2700,80303981
2024-11-28 13:00,5234-****-****-1234,티머니,대중교통,2000,24935479
2024-11-29 11:29,5234-****-****-1234,쿠팡이츠,배달앱,33200,22138759
2024-11-29 12:56,5234-****-****-1234,넷플릭스,OTT/구독,11400,43565477
2024-11-29 19:14,5234-****-****-1234,BBQ 상수점,음식점,23800,22335296
2024-11-29 19:33,5234-****-****-1234,카카오T,대중교통,1300,32859916
2024-11-30 11:27,5234-****-****-1234,서울교통공사,대중교통,2800,98077934
2024-11-30 13:26,5234-****-****-1234,네이버쇼핑,온라인쇼핑,68300,37455861
2024-11-30 14:36,5234-****-****-1234,헬스장 월정액,운동/스포츠,48200,31759927
2024-11-30 18:21,5234-****-****-1234,티머니,대중교통,2200,27686156
2024-11-30 18:58,5234-****-****-1234,카카오T,대중교통,1600,19101846
2024-12-01 10:30,5234-****-****-1234,카카오T,대중교통,1500,74243595
2024-12-01 16:57,5234-****-****-1234,서울교통공사,대중교통,2600,24217270
2024-12-01 18:31,5234-****-****-1234,SK주유소 마포점,주유소,77900,77340900
2024-12-01 18:48,5234-****-****-1234,티머니,대중교통,1900,38165011
2024-12-01 19:00,5234-****-****-1234,올리브영 홍대점,의료/약국,13900,65196875
2024-12-02 08:11,5234-****-****-1234,세븐일레븐 마포점,편의점,4600,92019078
2024-12-02 10:33,5234-****-****-1234,티머니,대중교통,2800,51940463
2024-12-02 19:30,5234-****-****-1234,G마켓,온라인쇼핑,54300,16928303
2024-12-03 09:38,5234-****-****-1234,유튜브프리미엄,OTT/구독,14800,90448089
2024-12-03 11:32,5234-****-****-1234,마켓컬리,온라인쇼핑,30100,43829709
2024-12-03 11:38,5234-****-****-1234,11번가,온라인쇼핑,50400,65424925
2024-12-03 18:00,5234-****-****-1234,티머니,대중교통,2500,64250458
2024-12-03 21:48,5234-****-****-1234,티머니,대중교통,2200,27689263
2024-12-03 21:58,5234-****-****-1234,카카오T,대중교통,2700,23054418
2024-12-04 07:40,5234-****-****-1234,이디야 신촌점,카페,4900,92585240
2024-12-04 13:02,5234-****-****-1234,롯데리아 신촌점,음식점,20200,69562350
2024-12-05 08:22,5234-****-****-1234,GS25 신촌점,편의점,2600,14352961
2024-12-05 10:08,5234-****-****-1234,GS칼텍스 홍대점,주유소,72100,71207129
2024-12-05 11:17,5234-****-****-1234,서울교통공사,대중교통,1500,93610257
2024-12-05 17:55,5234-****-****-1234,배달의민족,배달앱,26200,48761035
2024-12-05 18:17,5234-****-****-1234,마켓컬리,온라인쇼핑,82100,11906295
2024-12-05 20:06,5234-****-****-1234,버거킹 마포점,음식점,40800,37539747
2024-12-06 08:08,5234-****-****-1234,CU 홍대점,편의점,5300,93558632
2024-12-06 16:32,5234-****-****-1234,현대오일뱅크 신촌점,주유소,57800,70404120
2024-12-07 07:12,5234-****-****-1234,메가커피 마포점,카페,7600,19104802
2024-12-07 11:56,5234-****-****-1234,티머니,대중교통,2400,10024741
2024-12-07 15:39,5234-****-****-1234,CU 홍대점,편의점,3000,86687590
2024-12-07 19:11,5234-****-****-1234,서울교통공사,대중교통,2200,35263378
2024-12-07 19:56,5234-****-****-1234,카카오T,대중교통,1900,86541203
2024-12-08 15:43,5234-****-****-1234,쿠팡이츠,배달앱,24800,45248951
2024-12-08 17:10,5234-****-****-1234,카카오T,대중교통,2200,18866414
2024-12-08 19:28,5234-****-****-1234,배달의민족,배달앱,32900,38300713
2024-12-09 19:37,5234-****-****-1234,쿠팡이츠,배달앱,24800,42453439
2024-12-09 20:21,5234-****-****-1234,버거킹 마포점,음식점,31600,86635858
2024-12-09 21:52,5234-****-****-1234,배달의민족,배달앱,15800,32494944
2024-12-10 10:35,5234-****-****-1234,스타벅스 홍대입구점,카페,8300,25278911
2024-12-10 11:02,5234-****-****-1234,G마켓,온라인쇼핑,89700,44956086
2024-12-10 13:12,5234-****-****-1234,넷플릭스,OTT/구독,4600,93134088
2024-12-10 15:39,5234-****-****-1234,카카오T,대중교통,2400,36261929
2024-12-10 19:08,5234-****-****-1234,서울교통공사,대중교통,1500,19629584
2024-12-10 21:43,5234-****-****-1234,한솥도시락 홍대점,음식점,12700,72663022
2024-12-11 12:12,5234-****-****-1234,카카오T,대중교통,1800,81440849
2024-12-11 12:52,5234-****-****-1234,티머니,대중교통,2700,67867771
2024-12-11 16:41,5234-****-****-1234,서울교통공사,대중교통,2600,22151134
2024-12-11 17:41,5234-****-****-1234,카카오T,대중교통,1400,81503899
2024-12-11 17:59,5234-****-****-1234,투썸플레이스 합정점,카페,10800,14772547
2024-12-11 21:28,5234-****-****-1234,서울교통공사,대중교통,2600,46595028
2024-12-11 21:46,5234-****-****-1234,BBQ 상수점,음식점,41300,53934556
2024-12-11 21:55,5234-****-****-1234,카카오T,대중교통,1900,75432046
2024-12-12 18:19,5234-****-****-1234,BBQ 상수점,음식점,21200,33489813
2024-12-13 09:05,5234-****-****-1234,카카오T,대중교통,2100,34022690
2024-12-13 14:14,5234-****-****-1234,GS칼텍스 홍대점,주유소,42200,91144449
2024-12-13 19:48,5234-****-****-1234,볼링장 홍대,운동/스포츠,47500,34799223
2024-12-14 12:21,5234-****-****-1234,빽다방 상수점,카페,8700,95564277
2024-12-14 17:36,5234-****-****-1234,이마트 마포점,마트/슈퍼,63100,15082158
2024-12-14 20:37,5234-****-****-1234,티머니,대중교통,2100,52698324
2024-12-15 11:18,5234-****-****-1234,카카오T,대중교통,2800,91126594
2024-12-15 13:43,5234-****-****-1234,티머니,대중교통,2600,72464469
2024-12-15 15:30,5234-****-****-1234,쿠팡이츠,배달앱,21900,81473736
2024-12-15 15:37,5234-****-****-1234,서울교통공사,대중교통,2100,93332410
2024-12-16 11:51,5234-****-****-1234,쿠팡,온라인쇼핑,148300,56016278
2024-12-16 12:14,5234-****-****-1234,티머니,대중교통,1500,44635255
2024-12-16 12:29,5234-****-****-1234,한솥도시락 홍대점,음식점,42200,72071682
2024-12-16 19:47,5234-****-****-1234,이마트 마포점,마트/슈퍼,102000,95052118
2024-12-16 20:05,5234-****-****-1234,롯데마트 상암점,마트/슈퍼,33600,72402697
2024-12-17 10:33,5234-****-****-1234,이마트 마포점,마트/슈퍼,95000,42914388
2024-12-17 10:43,5234-****-****-1234,KT,통신,64200,39449560
2024-12-17 11:30,5234-****-****-1234,버거킹 마포점,음식점,39800,35529779
2024-12-17 14:43,5234-****-****-1234,세브란스약국,의료/약국,28600,83499313
2024-12-18 14:17,5234-****-****-1234,티머니,대중교통,1500,48019546
2024-12-18 15:53,5234-****-****-1234,카카오T,대중교통,2000,30705405
2024-12-18 17:06,5234-****-****-1234,티머니,대중교통,1700,57018904
2024-12-19 11:32,5234-****-****-1234,카카오T,대중교통,1500,24358786
2024-12-19 12:10,5234-****-****-1234,카카오T,대중교통,1400,92310750
2024-12-19 15:29,5234-****-****-1234,이마트24 합정점,편의점,8700,20657547
2024-12-19 16:45,5234-****-****-1234,이마트 마포점,마트/슈퍼,63300,87882357
2024-12-19 18:29,5234-****-****-1234,티머니,대중교통,1900,23106885
2024-12-19 19:51,5234-****-****-1234,롯데리아 신촌점,음식점,30200,30039365
2024-12-19 20:21,5234-****-****-1234,마켓컬리,온라인쇼핑,120400,49542951
2024-12-19 20:53,5234-****-****-1234,배달의민족,배달앱,23300,96202825
2024-12-20 10:43,5234-****-****-1234,티머니,대중교통,2900,60856575
2024-12-20 13:38,5234-****-****-1234,BBQ 상수점,음식점,14700,52211394
2024-12-20 14:15,5234-****-****-1234,세븐일레븐 마포점,편의점,11000,93183589
2024-12-20 14:19,5234-****-****-1234,서울교통공사,대중교통,1900,81603135
2024-12-20 14:33,5234-****-****-1234,투썸플레이스 합정점,카페,11200,34146739
2024-12-21 09:09,5234-****-****-1234,카카오T,대중교통,2700,98305426
2024-12-21 10:45,5234-****-****-1234,넷플릭스,OTT/구독,6000,91159552
2024-12-21 14:52,5234-****-****-1234,CU 홍대점,편의점,5400,34808803
2024-12-21 14:54,5234-****-****-1234,요기요,배달앱,26100,97518806
2024-12-22 11:25,5234-****-****-1234,이디야 신촌점,카페,3500,36040330
2024-12-22 13:51,5234-****-****-1234,마켓컬리,온라인쇼핑,17200,75063411
2024-12-22 14:38,5234-****-****-1234,세븐일레븐 마포점,편의점,6900,21771255
2024-12-22 15:38,5234-****-****-1234,CU 상수점,편의점,11400,33812810
2024-12-22 16:23,5234-****-****-1234,마켓컬리,온라인쇼핑,56000,41701674
2024-12-23 11:26,5234-****-****-1234,김밥천국 마포점,음식점,12700,41895802
2024-12-23 12:11,5234-****-****-1234,티머니,대중교통,2600,20454809
2024-12-23 15:25,5234-****-****-1234,카카오T,대중교통,2000,83164605
2024-12-23 18:21,5234-****-****-1234,이마트24 합정점,편의점,10600,80416822
2024-12-23 18:57,5234-****-****-1234,티머니,대중교통,2500,69839130
2024-12-24 10:38,5234-****-****-1234,G마켓,온라인쇼핑,55800,30285078
2024-12-24 11:24,5234-****-****-1234,롯데리아 신촌점,음식점,41200,10551617
2024-12-24 19:35,5234-****-****-1234,맥도날드 홍대점,음식점,42100,37952515
2024-12-24 20:33,5234-****-****-1234,이마트24 합정점,편의점,3400,91171931
2024-12-24 20:36,5234-****-****-1234,카카오T,대중교통,3000,25344154
2024-12-25 09:30,5234-****-****-1234,G마켓,온라인쇼핑,129000,72979305
2024-12-25 10:23,5234-****-****-1234,CU 홍대점,편의점,8200,67354434
2024-12-25 10:29,5234-****-****-1234,이마트24 합정점,편의점,10200,82947490
2024-12-25 11:42,5234-****-****-1234,카카오T,대중교통,1600,81303949
2024-12-26 07:56,5234-****-****-1234,GS25 신촌점,편의점,10100,39108314
2024-12-26 15:36,5234-****-****-1234,카카오T,대중교통,2900,83085160
2024-12-26 18:19,5234-****-****-1234,마켓컬리,온라인쇼핑,23800,81810948
2024-12-26 19:19,5234-****-****-1234,티머니,대중교통,2100,56206415
2024-12-26 20:59,5234-****-****-1234,BBQ 상수점,음식점,10700,85825317
2024-12-27 14:07,5234-****-****-1234,서울교통공사,대중교통,1800,41573535
2024-12-27 14:18,5234-****-****-1234,GS25 신촌점,편의점,9700,26377680
2024-12-27 16:11,5234-****-****-1234,카카오T,대중교통,1900,19342578
2024-12-28 11:33,5234-****-****-1234,CU 상수점,편의점,11400,57493391
2024-12-28 11:54,5234-****-****-1234,서울교통공사,대중교통,1900,59556257
2024-12-28 13:21,5234-****-****-1234,쿠팡이츠,배달앱,20900,23190487
2024-12-29 10:44,5234-****-****-1234,스크린골프 마포점,운동/스포츠,17100,49536330
2024-12-29 14:34,5234-****-****-1234,서울교통공사,대중교통,2200,27458237
2024-12-29 15:45,5234-****-****-1234,이디야 신촌점,카페,7800,10212187
2024-12-29 17:03,5234-****-****-1234,티머니,대중교통,1300,85165988
2024-12-29 21:44,5234-****-****-1234,GS칼텍스 홍대점,주유소,69600,93650995
2024-12-30 14:25,5234-****-****-1234,티머니,대중교통,1600,99279031
2024-12-30 17:45,5234-****-****-1234,이마트24 합정점,편의점,6700,91717739
2024-12-30 21:28,5234-****-****-1234,요기요,배달앱,24500,52371009
2024-12-31 13:37,5234-****-****-1234,CU 홍대점,편의점,7900,22499198
2024-12-31 17:43,5234-****-****-1234,배달의민족,배달앱,13300,81308986
